Workbook

Sheet Start
A1: AVAB – masterkalkyl för budgetkalkylator
A4: Syfte
A5: Excel-filen är intern master för kalkylatorn. Varje område har en egen flik. Sporthall använder startvärdena från den uppladdade HTML-kalkylatorn. Simhall, Konferens, Restaurang och Gym är nu förifyllda med tydligt märkta TESTSTARTVÄRDEN så att hela flödet kan provas innan ni ersätter dem med skarpa kalkyler.
A9: Arbetsflöde | B9: Vad ni gör
A10: 1. Fyll delar | B10: Lägg interna komponenter, mängder, inköpspris och arbetstid i områdets komponenttabell.
A11: 2. Koppla Paket-ID | B11: Varje intern del kopplas till ett Paket-ID, t.ex. basePackage:dsp.
A12: 3. Kontrollera kalkylpris | B12: Excel summerar internt kalkylpris och timmar per Paket-ID.
A13: 4. Godkänn för webb | B13: Sätt "Använd intern kalkyl?" = Ja först när paketet är komplett och kontrollerat.
A14: 5. Exportera | B14: Bladet Webbexport innehåller endast webbens summerade data och kan senare skrivas till JSON av ett script.
A17: Områdesflik | B17: Status | C17: Kommentar
A18: Sporthall | B18: Aktiv/Testklar | C18: HTML-värden bevarade. Interna startdelar reproducerar startpriserna.
A19: Simhall | B19: Testklar | C19: TESTSTARTVÄRDEN inlagda – byt innan skarp publicering.
A20: Konferens | B20: Testklar | C20: TESTSTARTVÄRDEN inlagda – byt innan skarp publicering.
A21: Restaurang | B21: Testklar | C21: TESTSTARTVÄRDEN inlagda – byt innan skarp publicering.
A22: Gym | B22: Testklar | C22: TESTSTARTVÄRDEN inlagda – byt innan skarp publicering.

Sheet Inställningar
A1: Globala inställningar
A4: Parameter | B4: Värde | C4: Enhet | D4: Kommentar
A5: Standard timpris | B5: 850 | C5: kr/h | D5: Fylls av AVAB. Används som standard i komponentrader.
A6: Standard påslag | B6: 0.15 | C6: % | D6: Fylls av AVAB. Kan överstyras per komponentrad.
A7: Moms | B7: 0.25 | C7: % | D7: Webbkalkylatorn visar budget exklusive moms.
A8: Version | B8: 2026-08-13 | D8: Första masterfilen baserad på uppladdad HTML-kalkylator.
A9: Valuta | B9: SEK | D9: Exportpriser anges i SEK.
A10: Teststartvärden | B10: Ja | D10: Övriga områden innehåller testvärden för att kalkylflödet ska kunna provas. Byt innan skarp publicering.
A11: Princip | B11: Sporthall från HTML | D11: Sporthallens publicerade startvärden är hämtade från den uppladdade kalkylatorsidan; interna delrader är startfördelningar som reproducerar dessa totalsummor.

Sheet Sporthall
A1: Sporthall – kalkylmaster
A3: Aktiv/Testklar – startvärdena kommer från den uppladdade HTML-kalkylatorn. Interna startdelar är generiska testfördelningar som reproducerar respektive webbpris. Byt dem mot verkliga komponenter när ni är redo.
A6: Publicera | B6: Grupp | C6: Nyckel | D6: Paket-ID | E6: Visningsnamn | F6: Typ | G6: Nuvarande webbpris | H6: Nuvarande timmar | I6: Offert? | J6: Använd intern kalkyl? | K6: Internt kalkylpris | L6: Interna timmar | M6: Exportpris | N6: Exporttimmar | O6: Notering | Q6: Paket-ID | R6: Del-ID | S6: Benämning | T6: Antal | U6: Enhet | V6: Inköpspris/st | W6: Material | X6: Arbete h/st | Y6: Timmar | Z6: Timpris | AA6: Arbete | AB6: Övrigt | AC6: Påslag % | AD6: Budgetpris | AE6: Kommentar
A7: Ja | B7: hallType | C7: simple | D7: hallType:simple | E7: Halltyp och grundlogik | F7: Fast | G7: 0 | H7: 0 | I7: Nej | J7: Nej | K7: =IF(D7="","",SUMIF($Q$7:$Q$126,D7,$AD$7:$AD$126)) -> 0 | L7: =IF(D7="","",SUMIF($Q$7:$Q$126,D7,$Y$7:$Y$126)) -> 0 | M7: =IF(D7="","",IF(J7="Ja",K7,G7)) -> 0 | N7: =IF(D7="","",IF(J7="Ja",L7,H7)) -> 0 | O7: Enkel sporthall vald. | Q7: hallType:dividable | R7: START-dividable | S7: Startmaterial / ersätt med verklig delkalkyl | T7: 1 | U7: paket | V7: 18339.13 | W7: =IF(OR(T7="",V7=""),0,T7*V7) -> 18339.13 | X7: 4 | Y7: =IF(OR(T7="",X7=""),0,T7*X7) -> 4 | Z7: =IF(Inställningar!$B$5="",0,Inställningar!$B$5) -> 850 | AA7: =Y7*Z7 -> 3400 | AB7: 0 | AC7: =IF(Inställningar!$B$6="",0,Inställningar!$B$6) -> 0.15 | AD7: =ROUND((W7+AA7+IF(AB7="",0,AB7))*(1+AC7),0) -> 25000 | AE7: Källa: HTML-startvärde. Generisk startfördelning för test; byt mot verkliga komponenter.
A8: Ja | B8: hallType | C8: dividable | D8: hallType:dividable | E8: Halltyp och grundlogik | F8: Fast | G8: 25000 | H8: 4 | I8: Nej | J8: Ja | K8: =IF(D8="","",SUMIF($Q$7:$Q$126,D8,$AD$7:$AD$126)) -> 25000 | L8: =IF(D8="","",SUMIF($Q$7:$Q$126,D8,$Y$7:$Y$126)) -> 4 | M8: =IF(D8="","",IF(J8="Ja",K8,G8)) -> 25000 | N8: =IF(D8="","",IF(J8="Ja",L8,H8)) -> 4 | O8: Delbar hall med A/B-logik. | Q8: hallType:stands | R8: START-stands | S8: Startmaterial / ersätt med verklig delkalkyl | T8: 1 | U8: paket | V8: 11402.174 | W8: =IF(OR(T8="",V8=""),0,T8*V8) -> 11402.174 | X8: 5 | Y8: =IF(OR(T8="",X8=""),0,T8*X8) -> 5 | Z8: =IF(Inställningar!$B$5="",0,Inställningar!$B$5) -> 850 | AA8: =Y8*Z8 -> 4250 | AB8: 0 | AC8: =IF(Inställningar!$B$6="",0,Inställningar!$B$6) -> 0.15 | AD8: =ROUND((W8+AA8+IF(AB8="",0,AB8))*(1+AC8),0) -> 18000 | AE8: Källa: HTML-startvärde. Generisk startfördelning för test; byt mot verkliga komponenter.
A9: Ja | B9: hallType | C9: stands | D9: hallType:stands | E9: Halltyp och grundlogik | F9: Fast | G9: 18000 | H9: 5 | I9: Nej | J9: Ja | K9: =IF(D9="","",SUMIF($Q$7:$Q$126,D9,$AD$7:$AD$126)) -> 18000 | L9: =IF(D9="","",SUMIF($Q$7:$Q$126,D9,$Y$7:$Y$126)) -> 5 | M9: =IF(D9="","",IF(J9="Ja",K9,G9)) -> 18000 | N9: =IF(D9="","",IF(J9="Ja",L9,H9)) -> 5 | O9: Hall med läktare och publiklogik. | Q9: hallType:sti | R9: START-sti | S9: Startmaterial / ersätt med verklig delkalkyl | T9: 1 | U9: paket | V9: 19286.957 | W9: =IF(OR(T9="",V9=""),0,T9*V9) -> 19286.957 | X9: 8 | Y9: =IF(OR(T9="",X9=""),0,T9*X9) -> 8 | Z9: =IF(Inställningar!$B$5="",0,Inställningar!$B$5) -> 850 | AA9: =Y9*Z9 -> 6800 | AB9: 0 | AC9: =IF(Inställningar!$B$6="",0,Inställningar!$B$6) -> 0.15 | AD9: =ROUND((W9+AA9+IF(AB9="",0,AB9))*(1+AC9),0) -> 30000 | AE9: Källa: HTML-startvärde. Generisk startfördelning för test; byt mot verkliga komponenter.
A10: Ja | B10: hallType | C10: sti | D10: hallType:sti | E10: Halltyp och grundlogik | F10: Fast | G10: 30000 | H10: 8 | I10: Nej | J10: Ja | K10: =IF(D10="","",SUMIF($Q$7:$Q$126,D10,$AD$7:$AD$126)) -> 30000 | L10: =IF(D10="","",SUMIF($Q$7:$Q$126,D10,$Y$7:$Y$126)) -> 8 | M10: =IF(D10="","",IF(J10="Ja",K10,G10)) -> 30000 | N10: =IF(D10="","",IF(J10="Ja",L10,H10)) -> 8 | O10: Hall med fördjupad taluppfattbarhet. | Q10: basePackage:simple | R10: START-simple | S10: Startmaterial / ersätt med verklig delkalkyl | T10: 1 | U10: paket | V10: 69917.391 | W10: =IF(OR(T10="",V10=""),0,T10*V10) -> 69917.391 | X10: 18 | Y10: =IF(OR(T10="",X10=""),0,T10*X10) -> 18 | Z10: =IF(Inställningar!$B$5="",0,Inställningar!$B$5) -> 850 | AA10: =Y10*Z10 -> 15300 | AB10: 0 | AC10: =IF(Inställningar!$B$6="",0,Inställningar!$B$6) -> 0.15 | AD10: =ROUND((W10+AA10+IF(AB10="",0,AB10))*(1+AC10),0) -> 98000 | AE10: Källa: HTML-startvärde. Generisk startfördelning för test; byt mot verkliga komponenter.
A11: Ja | B11: basePackage | C11: simple | D11: basePackage:simple | E11: Basljud sporthall | F11: Fast | G11: 98000 | H11: 18 | I11: Nej | J11: Ja | K11: =IF(D11="","",SUMIF($Q$7:$Q$126,D11,$AD$7:$AD$126)) -> 98000 | L11: =IF(D11="","",SUMIF($Q$7:$Q$126,D11,$Y$7:$Y$126)) -> 18 | M11: =IF(D11="","",IF(J11="Ja",K11,G11)) -> 98000 | N11: =IF(D11="","",IF(J11="Ja",L11,H11)) -> 18 | O11: Budgetpost för huvudljud och grundläggande drift. | Q11: basePackage:dsp | R11: START-dsp | S11: Startmaterial / ersätt med verklig delkalkyl | T11: 1 | U11: paket | V11: 88256.522 | W11: =IF(OR(T11="",V11=""),0,T11*V11) -> 88256.522 | X11: 22 | Y11: =IF(OR(T11="",X11=""),0,T11*X11) -> 22 | Z11: =IF(Inställningar!$B$5="",0,Inställningar!$B$5) -> 850 | AA11: =Y11*Z11 -> 18700 | AB11: 0 | AC11: =IF(Inställningar!$B$6="",0,Inställningar!$B$6) -> 0.15 | AD11: =ROUND((W11+AA11+IF(AB11="",0,AB11))*(1+AC11),0) -> 123000 | AE11: Källa: HTML-startvärde. Generisk startfördelning för test; byt mot verkliga komponenter.
A12: Ja | B12: basePackage | C12: dsp | D12: basePackage:dsp | E12: Basljud sporthall | F12: Fast | G12: 123000 | H12: 22 | I12: Nej | J12: Ja | K12: =IF(D12="","",SUMIF($Q$7:$Q$126,D12,$AD$7:$AD$126)) -> 123000 | L12: =IF(D12="","",SUMIF($Q$7:$Q$126,D12,$Y$7:$Y$126)) -> 22 | M12: =IF(D12="","",IF(J12="Ja",K12,G12)) -> 123000 | N12: =IF(D12="","",IF(J12="Ja",L12,H12)) -> 22 | O12: Budgetpost för huvudljud med DSP och zonlogik. | Q12: standsSound:eight12 | R12: START-eight12 | S12: Startmaterial / ersätt med verklig delkalkyl | T12: 1 | U12: paket | V12: 41973.913 | W12: =IF(OR(T12="",V12=""),0,T12*V12) -> 41973.913 | X12: 12 | Y12: =IF(OR(T12="",X12=""),0,T12*X12) -> 12 | Z12: =IF(Inställningar!$B$5="",0,Inställningar!$B$5) -> 850 | AA12: =Y12*Z12 -> 10200 | AB12: 0 | AC12: =IF(Inställningar!$B$6="",0,Inställningar!$B$6) -> 0.15 | AD12: =ROUND((W12+AA12+IF(AB12="",0,AB12))*(1+AC12),0) -> 60000 | AE12: Källa: HTML-startvärde. Generisk startfördelning för test; byt mot verkliga komponenter.
A13: Ja | B13: standsSound | C13: none | D13: standsSound:none | E13: Läktarljud | F13: Fast | G13: 0 | H13: 0 | I13: Nej | J13: Nej | K13: =IF(D13="","",SUMIF($Q$7:$Q$126,D13,$AD$7:$AD$126)) -> 0 | L13: =IF(D13="","",SUMIF($Q$7:$Q$126,D13,$Y$7:$Y$126)) -> 0 | M13: =IF(D13="","",IF(J13="Ja",K13,G13)) -> 0 | N13: =IF(D13="","",IF(J13="Ja",L13,H13)) -> 0 | Q13: control:knob | R13: START-knob | S13: Startmaterial / ersätt med verklig delkalkyl | T13: 1 | U13: paket | V13: 3952.1739 | W13: =IF(OR(T13="",V13=""),0,T13*V13) -> 3952.1739 | X13: 2 | Y13: =IF(OR(T13="",X13=""),0,T13*X13) -> 2 | Z13: =IF(Inställningar!$B$5="",0,Inställningar!$B$5) -> 850 | AA13: =Y13*Z13 -> 1700 | AB13: 0 | AC13: =IF(Inställningar!$B$6="",0,Inställningar!$B$6) -> 0.15 | AD13: =ROUND((W13+AA13+IF(AB13="",0,AB13))*(1+AC13),0) -> 6500 | AE13: Källa: HTML-startvärde. Generisk startfördelning för test; byt mot verkliga komponenter.
A14: Ja | B14: standsSound | C14: eight12 | D14: standsSound:eight12 | E14: Läktarljud för sporthall | F14: Fast | G14: 60000 | H14: 12 | I14: Nej | J14: Ja | K14: =IF(D14="","",SUMIF($Q$7:$Q$126,D14,$AD$7:$AD$126)) -> 60000 | L14: =IF(D14="","",SUMIF($Q$7:$Q$126,D14,$Y$7:$Y$126)) -> 12 | M14: =IF(D14="","",IF(J14="Ja",K14,G14)) -> 60000 | N14: =IF(D14="","",IF(J14="Ja",L14,H14)) -> 12 | O14: Budgetpost för separat ljud mot läktare. | Q14: control:touch | R14: START-touch | S14: Startmaterial / ersätt med verklig delkalkyl | T14: 1 | U14: paket | V14: 20967.391 | W14: =IF(OR(T14="",V14=""),0,T14*V14) -> 20967.391 | X14: 5 | Y14: =IF(OR(T14="",X14=""),0,T14*X14) -> 5 | Z14: =IF(Inställningar!$B$5="",0,Inställningar!$B$5) -> 850 | AA14: =Y14*Z14 -> 4250 | AB14: 0 | AC14: =IF(Inställningar!$B$6="",0,Inställningar!$B$6) -> 0.15 | AD14: =ROUND((W14+AA14+IF(AB14="",0,AB14))*(1+AC14),0) -> 29000 | AE14: Källa: HTML-startvärde. Generisk startfördelning för test; byt mot verkliga komponenter.
A15: Ja | B15: control | C15: knob | D15: control:knob | E15: Styrning | F15: Fast | G15: 6500 | H15: 2 | I15: Nej | J15: Ja | K15: =IF(D15="","",SUMIF($Q$7:$Q$126,D15,$AD$7:$AD$126)) -> 6500 | L15: =IF(D15="","",SUMIF($Q$7:$Q$126,D15,$Y$7:$Y$126)) -> 2 | M15: =IF(D15="","",IF(J15="Ja",K15,G15)) -> 6500 | N15: =IF(D15="","",IF(J15="Ja",L15,H15)) -> 2 | O15: Vridreglage och enkel användning. | Q15: loopPlan:standard | R15: START-standard | S15: Startmaterial / ersätt med verklig delkalkyl | T15: 1 | U15: paket | V15: 98095.652 | W15: =IF(OR(T15="",V15=""),0,T15*V15) -> 98095.652 | X15: 36 | Y15: =IF(OR(T15="",X15=""),0,T15*X15) -> 36 | Z15: =IF(Inställningar!$B$5="",0,Inställningar!$B$5) -> 850 | AA15: =Y15*Z15 -> 30600 | AB15: 0 | AC15: =IF(Inställningar!$B$6="",0,Inställningar!$B$6) -> 0.15 | AD15: =ROUND((W15+AA15+IF(AB15="",0,AB15))*(1+AC15),0) -> 148000 | AE15: Källa: HTML-startvärde. Generisk startfördelning för test; byt mot verkliga komponenter.
A16: Ja | B16: control | C16: touch | D16: control:touch | E16: Styrning | F16: Fast | G16: 29000 | H16: 5 | I16: Nej | J16: Ja | K16: =IF(D16="","",SUMIF($Q$7:$Q$126,D16,$AD$7:$AD$126)) -> 29000 | L16: =IF(D16="","",SUMIF($Q$7:$Q$126,D16,$Y$7:$Y$126)) -> 5 | M16: =IF(D16="","",IF(J16="Ja",K16,G16)) -> 29000 | N16: =IF(D16="","",IF(J16="Ja",L16,H16)) -> 5 | O16: Touchpanel och tydliga användarlägen. | Q16: auracast:basic | R16: START-basic | S16: Startmaterial / ersätt med verklig delkalkyl | T16: 1 | U16: paket | V16: 27054.348 | W16: =IF(OR(T16="",V16=""),0,T16*V16) -> 27054.348 | X16: 5 | Y16: =IF(OR(T16="",X16=""),0,T16*X16) -> 5 | Z16: =IF(Inställningar!$B$5="",0,Inställningar!$B$5) -> 850 | AA16: =Y16*Z16 -> 4250 | AB16: 0 | AC16: =IF(Inställningar!$B$6="",0,Inställningar!$B$6) -> 0.15 | AD16: =ROUND((W16+AA16+IF(AB16="",0,AB16))*(1+AC16),0) -> 36000 | AE16: Källa: HTML-startvärde. Generisk startfördelning för test; byt mot verkliga komponenter.
A17: Ja | B17: loopPlan | C17: none | D17: loopPlan:none | E17: Hörslinga, Auracast och tillgänglighet | F17: Fast | G17: 0 | H17: 0 | I17: Nej | J17: Nej | K17: =IF(D17="","",SUMIF($Q$7:$Q$126,D17,$AD$7:$AD$126)) -> 0 | L17: =IF(D17="","",SUMIF($Q$7:$Q$126,D17,$Y$7:$Y$126)) -> 0 | M17: =IF(D17="","",IF(J17="Ja",K17,G17)) -> 0 | N17: =IF(D17="","",IF(J17="Ja",L17,H17)) -> 0 | Q17: sti:050 | R17: START-050 | S17: Startmaterial / ersätt med verklig delkalkyl | T17: 1 | U17: paket | V17: 14069.565 | W17: =IF(OR(T17="",V17=""),0,T17*V17) -> 14069.565 | X17: 8 | Y17: =IF(OR(T17="",X17=""),0,T17*X17) -> 8 | Z17: =IF(Inställningar!$B$5="",0,Inställningar!$B$5) -> 850 | AA17: =Y17*Z17 -> 6800 | AB17: 0 | AC17: =IF(Inställningar!$B$6="",0,Inställningar!$B$6) -> 0.15 | AD17: =ROUND((W17+AA17+IF(AB17="",0,AB17))*(1+AC17),0) -> 24000 | AE17: Källa: HTML-startvärde. Generisk startfördelning för test; byt mot verkliga komponenter.
A18: Ja | B18: loopPlan | C18: standard | D18: loopPlan:standard | E18: Hörslinga, Auracast och tillgänglighet | F18: Fast | G18: 148000 | H18: 36 | I18: Nej | J18: Ja | K18: =IF(D18="","",SUMIF($Q$7:$Q$126,D18,$AD$7:$AD$126)) -> 148000 | L18: =IF(D18="","",SUMIF($Q$7:$Q$126,D18,$Y$7:$Y$126)) -> 36 | M18: =IF(D18="","",IF(J18="Ja",K18,G18)) -> 148000 | N18: =IF(D18="","",IF(J18="Ja",L18,H18)) -> 36 | O18: Budgetpost för standardplan. | Q18: sti:060 | R18: START-060 | S18: Startmaterial / ersätt med verklig delkalkyl | T18: 1 | U18: paket | V18: 23713.043 | W18: =IF(OR(T18="",V18=""),0,T18*V18) -> 23713.043 | X18: 12 | Y18: =IF(OR(T18="",X18=""),0,T18*X18) -> 12 | Z18: =IF(Inställningar!$B$5="",0,Inställningar!$B$5) -> 850 | AA18: =Y18*Z18 -> 10200 | AB18: 0 | AC18: =IF(Inställningar!$B$6="",0,Inställningar!$B$6) -> 0.15 | AD18: =ROUND((W18+AA18+IF(AB18="",0,AB18))*(1+AC18),0) -> 39000 | AE18: Källa: HTML-startvärde. Generisk startfördelning för test; byt mot verkliga komponenter.
A19: Ja | B19: loopPlan | C19: custom | D19: loopPlan:custom | E19: Hörslinga, Auracast och tillgänglighet | F19: Offert | G19: 0 | H19: 0 | I19: Ja | J19: Nej | K19: =IF(D19="","",SUMIF($Q$7:$Q$126,D19,$AD$7:$AD$126)) -> 0 | L19: =IF(D19="","",SUMIF($Q$7:$Q$126,D19,$Y$7:$Y$126)) -> 0 | M19: =IF(D19="","",IF(J19="Ja",K19,G19)) -> 0 | N19: =IF(D19="","",IF(J19="Ja",L19,H19)) -> 0 | O19: Annan planstorlek kräver separat offert. | Q19: unit:handMic | R19: START-handMic | S19: Startmaterial / ersätt med verklig delkalkyl | T19: 1 | U19: paket | V19: 6444.5652 | W19: =IF(OR(T19="",V19=""),0,T19*V19) -> 6444.5652 | X19: 0.5 | Y19: =IF(OR(T19="",X19=""),0,T19*X19) -> 0.5 | Z19: =IF(Inställningar!$B$5="",0,Inställningar!$B$5) -> 850 | AA19: =Y19*Z19 -> 425 | AB19: 0 | AC19: =IF(Inställningar!$B$6="",0,Inställningar!$B$6) -> 0.15 | AD19: =ROUND((W19+AA19+IF(AB19="",0,AB19))*(1+AC19),0) -> 7900 | AE19: Källa: HTML-startvärde. Generisk startfördelning för test; byt mot verkliga komponenter.
A20: Ja | B20: auracast | C20: none | D20: auracast:none | E20: Hörslinga, Auracast och tillgänglighet | F20: Fast | G20: 0 | H20: 0 | I20: Nej | J20: Nej | K20: =IF(D20="","",SUMIF($Q$7:$Q$126,D20,$AD$7:$AD$126)) -> 0 | L20: =IF(D20="","",SUMIF($Q$7:$Q$126,D20,$Y$7:$Y$126)) -> 0 | M20: =IF(D20="","",IF(J20="Ja",K20,G20)) -> 0 | N20: =IF(D20="","",IF(J20="Ja",L20,H20)) -> 0 | Q20: unit:headset | R20: START-headset | S20: Startmaterial / ersätt med verklig delkalkyl | T20: 1 | U20: paket | V20: 7575 | W20: =IF(OR(T20="",V20=""),0,T20*V20) -> 7575 | X20: 0.5 | Y20: =IF(OR(T20="",X20=""),0,T20*X20) -> 0.5 | Z20: =IF(Inställningar!$B$5="",0,Inställningar!$B$5) -> 850 | AA20: =Y20*Z20 -> 425 | AB20: 0 | AC20: =IF(Inställningar!$B$6="",0,Inställningar!$B$6) -> 0.15 | AD20: =ROUND((W20+AA20+IF(AB20="",0,AB20))*(1+AC20),0) -> 9200 | AE20: Källa: HTML-startvärde. Generisk startfördelning för test; byt mot verkliga komponenter.
A21: Ja | B21: auracast | C21: basic | D21: auracast:basic | E21: Hörslinga, Auracast och tillgänglighet | F21: Fast | G21: 36000 | H21: 5 | I21: Nej | J21: Ja | K21: =IF(D21="","",SUMIF($Q$7:$Q$126,D21,$AD$7:$AD$126)) -> 36000 | L21: =IF(D21="","",SUMIF($Q$7:$Q$126,D21,$Y$7:$Y$126)) -> 5 | M21: =IF(D21="","",IF(J21="Ja",K21,G21)) -> 36000 | N21: =IF(D21="","",IF(J21="Ja",L21,H21)) -> 5 | O21: Auracast som komplement. | Q21: unit:bluetooth | R21: START-bluetooth | S21: Startmaterial / ersätt med verklig delkalkyl | T21: 1 | U21: paket | V21: 3227.1739 | W21: =IF(OR(T21="",V21=""),0,T21*V21) -> 3227.1739 | X21: 0.5 | Y21: =IF(OR(T21="",X21=""),0,T21*X21) -> 0.5 | Z21: =IF(Inställningar!$B$5="",0,Inställningar!$B$5) -> 850 | AA21: =Y21*Z21 -> 425 | AB21: 0 | AC21: =IF(Inställningar!$B$6="",0,Inställningar!$B$6) -> 0.15 | AD21: =ROUND((W21+AA21+IF(AB21="",0,AB21))*(1+AC21),0) -> 4200 | AE21: Källa: HTML-startvärde. Generisk startfördelning för test; byt mot verkliga komponenter.
A22: Ja | B22: sti | C22: none | D22: sti:none | E22: STI och inmätning | F22: Fast | G22: 0 | H22: 0 | I22: Nej | J22: Nej | K22: =IF(D22="","",SUMIF($Q$7:$Q$126,D22,$AD$7:$AD$126)) -> 0 | L22: =IF(D22="","",SUMIF($Q$7:$Q$126,D22,$Y$7:$Y$126)) -> 0 | M22: =IF(D22="","",IF(J22="Ja",K22,G22)) -> 0 | N22: =IF(D22="","",IF(J22="Ja",L22,H22)) -> 0 | Q22: unit:zoneSmall | R22: START-zoneSmall | S22: Startmaterial / ersätt med verklig delkalkyl | T22: 1 | U22: paket | V22: 10986.957 | W22: =IF(OR(T22="",V22=""),0,T22*V22) -> 10986.957 | X22: 6 | Y22: =IF(OR(T22="",X22=""),0,T22*X22) -> 6 | Z22: =IF(Inställningar!$B$5="",0,Inställningar!$B$5) -> 850 | AA22: =Y22*Z22 -> 5100 | AB22: 0 | AC22: =IF(Inställningar!$B$6="",0,Inställningar!$B$6) -> 0.15 | AD22: =ROUND((W22+AA22+IF(AB22="",0,AB22))*(1+AC22),0) -> 18500 | AE22: Källa: HTML-startvärde. Generisk startfördelning för test; byt mot verkliga komponenter.
A23: Ja | B23: sti | C23: 050 | D23: sti:050 | E23: STI och inmätning | F23: Fast | G23: 24000 | H23: 8 | I23: Nej | J23: Ja | K23: =IF(D23="","",SUMIF($Q$7:$Q$126,D23,$AD$7:$AD$126)) -> 24000 | L23: =IF(D23="","",SUMIF($Q$7:$Q$126,D23,$Y$7:$Y$126)) -> 8 | M23: =IF(D23="","",IF(J23="Ja",K23,G23)) -> 24000 | N23: =IF(D23="","",IF(J23="Ja",L23,H23)) -> 8 | O23: Budgetpost för STI 0,50. | Q23: unit:zoneMedium | R23: START-zoneMedium | S23: Startmaterial / ersätt med verklig delkalkyl | T23: 1 | U23: paket | V23: 18852.174 | W23: =IF(OR(T23="",V23=""),0,T23*V23) -> 18852.174 | X23: 8 | Y23: =IF(OR(T23="",X23=""),0,T23*X23) -> 8 | Z23: =IF(Inställningar!$B$5="",0,Inställningar!$B$5) -> 850 | AA23: =Y23*Z23 -> 6800 | AB23: 0 | AC23: =IF(Inställningar!$B$6="",0,Inställningar!$B$6) -> 0.15 | AD23: =ROUND((W23+AA23+IF(AB23="",0,AB23))*(1+AC23),0) -> 29500 | AE23: Källa: HTML-startvärde. Generisk startfördelning för test; byt mot verkliga komponenter.
A24: Ja | B24: sti | C24: 060 | D24: sti:060 | E24: STI och inmätning | F24: Fast | G24: 39000 | H24: 12 | I24: Nej | J24: Ja | K24: =IF(D24="","",SUMIF($Q$7:$Q$126,D24,$AD$7:$AD$126)) -> 39000 | L24: =IF(D24="","",SUMIF($Q$7:$Q$126,D24,$Y$7:$Y$126)) -> 12 | M24: =IF(D24="","",IF(J24="Ja",K24,G24)) -> 39000 | N24: =IF(D24="","",IF(J24="Ja",L24,H24)) -> 12 | O24: Budgetpost för STI 0,60. | Q24: unit:zoneLarge | R24: START-zoneLarge | S24: Startmaterial / ersätt med verklig delkalkyl | T24: 1 | U24: paket | V24: 29800 | W24: =IF(OR(T24="",V24=""),0,T24*V24) -> 29800 | X24: 12 | Y24: =IF(OR(T24="",X24=""),0,T24*X24) -> 12 | Z24: =IF(Inställningar!$B$5="",0,Inställningar!$B$5) -> 850 | AA24: =Y24*Z24 -> 10200 | AB24: 0 | AC24: =IF(Inställningar!$B$6="",0,Inställningar!$B$6) -> 0.15 | AD24: =ROUND((W24+AA24+IF(AB24="",0,AB24))*(1+AC24),0) -> 46000 | AE24: Källa: HTML-startvärde. Generisk startfördelning för test; byt mot verkliga komponenter.
A25: Ja | B25: sti | C25: 070 | D25: sti:070 | E25: STI och inmätning | F25: Offert | G25: 0 | H25: 0 | I25: Ja | J25: Nej | K25: =IF(D25="","",SUMIF($Q$7:$Q$126,D25,$AD$7:$AD$126)) -> 0 | L25: =IF(D25="","",SUMIF($Q$7:$Q$126,D25,$Y$7:$Y$126)) -> 0 | M25: =IF(D25="","",IF(J25="Ja",K25,G25)) -> 0 | N25: =IF(D25="","",IF(J25="Ja",L25,H25)) -> 0 | O25: Högre STI-krav behöver separat projektering. | Q25: stands:small | R25: START-small | S25: Startmaterial / ersätt med verklig delkalkyl | T25: 1 | U25: paket | V25: 22765.217 | W25: =IF(OR(T25="",V25=""),0,T25*V25) -> 22765.217 | X25: 8 | Y25: =IF(OR(T25="",X25=""),0,T25*X25) -> 8 | Z25: =IF(Inställningar!$B$5="",0,Inställningar!$B$5) -> 850 | AA25: =Y25*Z25 -> 6800 | AB25: 0 | AC25: =IF(Inställningar!$B$6="",0,Inställningar!$B$6) -> 0.15 | AD25: =ROUND((W25+AA25+IF(AB25="",0,AB25))*(1+AC25),0) -> 34000 | AE25: Källa: HTML-startvärde. Generisk startfördelning för test; byt mot verkliga komponenter.
A26: Ja | B26: unit | C26: handMic | D26: unit:handMic | E26: Mikrofoner och anslutning | F26: Enhet | G26: 7900 | H26: 0.5 | I26: Nej | J26: Ja | K26: =IF(D26="","",SUMIF($Q$7:$Q$126,D26,$AD$7:$AD$126)) -> 7900 | L26: =IF(D26="","",SUMIF($Q$7:$Q$126,D26,$Y$7:$Y$126)) -> 0.5 | M26: =IF(D26="","",IF(J26="Ja",K26,G26)) -> 7900 | N26: =IF(D26="","",IF(J26="Ja",L26,H26)) -> 0.5 | O26: Pris per trådlös handmikrofon. | Q26: stands:medium | R26: START-medium | S26: Startmaterial / ersätt med verklig delkalkyl | T26: 1 | U26: paket | V26: 35017.391 | W26: =IF(OR(T26="",V26=""),0,T26*V26) -> 35017.391 | X26: 12 | Y26: =IF(OR(T26="",X26=""),0,T26*X26) -> 12 | Z26: =IF(Inställningar!$B$5="",0,Inställningar!$B$5) -> 850 | AA26: =Y26*Z26 -> 10200 | AB26: 0 | AC26: =IF(Inställningar!$B$6="",0,Inställningar!$B$6) -> 0.15 | AD26: =ROUND((W26+AA26+IF(AB26="",0,AB26))*(1+AC26),0) -> 52000 | AE26: Källa: HTML-startvärde. Generisk startfördelning för test; byt mot verkliga komponenter.
A27: Ja | B27: unit | C27: headset | D27: unit:headset | E27: Mikrofoner och anslutning | F27: Enhet | G27: 9200 | H27: 0.5 | I27: Nej | J27: Ja | K27: =IF(D27="","",SUMIF($Q$7:$Q$126,D27,$AD$7:$AD$126)) -> 9200 | L27: =IF(D27="","",SUMIF($Q$7:$Q$126,D27,$Y$7:$Y$126)) -> 0.5 | M27: =IF(D27="","",IF(J27="Ja",K27,G27)) -> 9200 | N27: =IF(D27="","",IF(J27="Ja",L27,H27)) -> 0.5 | O27: Pris per trådlöst headset. | Q27: stands:large | R27: START-large | S27: Startmaterial / ersätt med verklig delkalkyl | T27: 1 | U27: paket | V27: 53395.652 | W27: =IF(OR(T27="",V27=""),0,T27*V27) -> 53395.652 | X27: 18 | Y27: =IF(OR(T27="",X27=""),0,T27*X27) -> 18 | Z27: =IF(Inställningar!$B$5="",0,Inställningar!$B$5) -> 850 | AA27: =Y27*Z27 -> 15300 | AB27: 0 | AC27: =IF(Inställningar!$B$6="",0,Inställningar!$B$6) -> 0.15 | AD27: =ROUND((W27+AA27+IF(AB27="",0,AB27))*(1+AC27),0) -> 79000 | AE27: Källa: HTML-startvärde. Generisk startfördelning för test; byt mot verkliga komponenter.
A28: Ja | B28: unit | C28: bluetooth | D28: unit:bluetooth | E28: Mikrofoner och anslutning | F28: Enhet | G28: 4200 | H28: 0.5 | I28: Nej | J28: Ja | K28: =IF(D28="","",SUMIF($Q$7:$Q$126,D28,$AD$7:$AD$126)) -> 4200 | L28: =IF(D28="","",SUMIF($Q$7:$Q$126,D28,$Y$7:$Y$126)) -> 0.5 | M28: =IF(D28="","",IF(J28="Ja",K28,G28)) -> 4200 | N28: =IF(D28="","",IF(J28="Ja",L28,H28)) -> 0.5 | O28: Pris per Bluetooth-mottagare. | Q28: checks:documentation | R28: START-documentation | S28: Startmaterial / ersätt med verklig delkalkyl | T28: 1 | U28: paket | V28: 7034.7826 | W28: =IF(OR(T28="",V28=""),0,T28*V28) -> 7034.7826 | X28: 4 | Y28: =IF(OR(T28="",X28=""),0,T28*X28) -> 4 | Z28: =IF(Inställningar!$B$5="",0,Inställningar!$B$5) -> 850 | AA28: =Y28*Z28 -> 3400 | AB28: 0 | AC28: =IF(Inställningar!$B$6="",0,Inställningar!$B$6) -> 0.15 | AD28: =ROUND((W28+AA28+IF(AB28="",0,AB28))*(1+AC28),0) -> 12000 | AE28: Källa: HTML-startvärde. Generisk startfördelning för test; byt mot verkliga komponenter.
A29: Ja | B29: unit | C29: zoneSmall | D29: unit:zoneSmall | E29: Extra ljudzoner | F29: Enhet | G29: 18500 | H29: 6 | I29: Nej | J29: Ja | K29: =IF(D29="","",SUMIF($Q$7:$Q$126,D29,$AD$7:$AD$126)) -> 18500 | L29: =IF(D29="","",SUMIF($Q$7:$Q$126,D29,$Y$7:$Y$126)) -> 6 | M29: =IF(D29="","",IF(J29="Ja",K29,G29)) -> 18500 | N29: =IF(D29="","",IF(J29="Ja",L29,H29)) -> 6 | O29: Zon 20–50 m². | W29: =IF(OR(T29="",V29=""),0,T29*V29) -> 0 | Y29: =IF(OR(T29="",X29=""),0,T29*X29) -> 0 | Z29: =IF(Inställningar!$B$5="",0,Inställningar!$B$5) -> 850 | AA29: =Y29*Z29 -> 0 | AC29: =IF(Inställningar!$B$6="",0,Inställningar!$B$6) -> 0.15 | AD29: =ROUND((W29+AA29+IF(AB29="",0,AB29))*(1+AC29),0) -> 0
A30: Ja | B30: unit | C30: zoneMedium | D30: unit:zoneMedium | E30: Extra ljudzoner | F30: Enhet | G30: 29500 | H30: 8 | I30: Nej | J30: Ja | K30: =IF(D30="","",SUMIF($Q$7:$Q$126,D30,$AD$7:$AD$126)) -> 29500 | L30: =IF(D30="","",SUMIF($Q$7:$Q$126,D30,$Y$7:$Y$126)) -> 8 | M30: =IF(D30="","",IF(J30="Ja",K30,G30)) -> 29500 | N30: =IF(D30="","",IF(J30="Ja",L30,H30)) -> 8 | O30: Zon 50–100 m². | W30: =IF(OR(T30="",V30=""),0,T30*V30) -> 0 | Y30: =IF(OR(T30="",X30=""),0,T30*X30) -> 0 | Z30: =IF(Inställningar!$B$5="",0,Inställningar!$B$5) -> 850 | AA30: =Y30*Z30 -> 0 | AC30: =IF(Inställningar!$B$6="",0,Inställningar!$B$6) -> 0.15 | AD30: =ROUND((W30+AA30+IF(AB30="",0,AB30))*(1+AC30),0) -> 0
A31: Ja | B31: unit | C31: zoneLarge | D31: unit:zoneLarge | E31: Extra ljudzoner | F31: Enhet | G31: 46000 | H31: 12 | I31: Nej | J31: Ja | K31: =IF(D31="","",SUMIF($Q$7:$Q$126,D31,$AD$7:$AD$126)) -> 46000 | L31: =IF(D31="","",SUMIF($Q$7:$Q$126,D31,$Y$7:$Y$126)) -> 12 | M31: =IF(D31="","",IF(J31="Ja",K31,G31)) -> 46000 | N31: =IF(D31="","",IF(J31="Ja",L31,H31)) -> 12 | O31: Zon 100–200 m². | W31: =IF(OR(T31="",V31=""),0,T31*V31) -> 0 | Y31: =IF(OR(T31="",X31=""),0,T31*X31) -> 0 | Z31: =IF(Inställningar!$B$5="",0,Inställningar!$B$5) -> 850 | AA31: =Y31*Z31 -> 0 | AC31: =IF(Inställningar!$B$6="",0,Inställningar!$B$6) -> 0.15 | AD31: =ROUND((W31+AA31+IF(AB31="",0,AB31))*(1+AC31),0) -> 0
A32: Ja | B32: stands | C32: small | D32: stands:small | E32: Läktare grundpaket | F32: Fast | G32: 34000 | H32: 8 | I32: Nej | J32: Ja | K32: =IF(D32="","",SUMIF($Q$7:$Q$126,D32,$AD$7:$AD$126)) -> 34000 | L32: =IF(D32="","",SUMIF($Q$7:$Q$126,D32,$Y$7:$Y$126)) -> 8 | M32: =IF(D32="","",IF(J32="Ja",K32,G32)) -> 34000 | N32: =IF(D32="","",IF(J32="Ja",L32,H32)) -> 8 | O32: Läktare 8–20 m², före tillgänglighetsmultiplikator. | W32: =IF(OR(T32="",V32=""),0,T32*V32) -> 0 | Y32: =IF(OR(T32="",X32=""),0,T32*X32) -> 0 | Z32: =IF(Inställningar!$B$5="",0,Inställningar!$B$5) -> 850 | AA32: =Y32*Z32 -> 0 | AC32: =IF(Inställningar!$B$6="",0,Inställningar!$B$6) -> 0.15 | AD32: =ROUND((W32+AA32+IF(AB32="",0,AB32))*(1+AC32),0) -> 0
A33: Ja | B33: stands | C33: medium | D33: stands:medium | E33: Läktare grundpaket | F33: Fast | G33: 52000 | H33: 12 | I33: Nej | J33: Ja | K33: =IF(D33="","",SUMIF($Q$7:$Q$126,D33,$AD$7:$AD$126)) -> 52000 | L33: =IF(D33="","",SUMIF($Q$7:$Q$126,D33,$Y$7:$Y$126)) -> 12 | M33: =IF(D33="","",IF(J33="Ja",K33,G33)) -> 52000 | N33: =IF(D33="","",IF(J33="Ja",L33,H33)) -> 12 | O33: Läktare 20–40 m², före tillgänglighetsmultiplikator. | W33: =IF(OR(T33="",V33=""),0,T33*V33) -> 0 | Y33: =IF(OR(T33="",X33=""),0,T33*X33) -> 0 | Z33: =IF(Inställningar!$B$5="",0,Inställningar!$B$5) -> 850 | AA33: =Y33*Z33 -> 0 | AC33: =IF(Inställningar!$B$6="",0,Inställningar!$B$6) -> 0.15 | AD33: =ROUND((W33+AA33+IF(AB33="",0,AB33))*(1+AC33),0) -> 0
A34: Ja | B34: stands | C34: large | D34: stands:large | E34: Läktare grundpaket | F34: Fast | G34: 79000 | H34: 18 | I34: Nej | J34: Ja | K34: =IF(D34="","",SUMIF($Q$7:$Q$126,D34,$AD$7:$AD$126)) -> 79000 | L34: =IF(D34="","",SUMIF($Q$7:$Q$126,D34,$Y$7:$Y$126)) -> 18 | M34: =IF(D34="","",IF(J34="Ja",K34,G34)) -> 79000 | N34: =IF(D34="","",IF(J34="Ja",L34,H34)) -> 18 | O34: Läktare 40–80 m², före tillgänglighetsmultiplikator. | W34: =IF(OR(T34="",V34=""),0,T34*V34) -> 0 | Y34: =IF(OR(T34="",X34=""),0,T34*X34) -> 0 | Z34: =IF(Inställningar!$B$5="",0,Inställningar!$B$5) -> 850 | AA34: =Y34*Z34 -> 0 | AC34: =IF(Inställningar!$B$6="",0,Inställningar!$B$6) -> 0.15 | AD34: =ROUND((W34+AA34+IF(AB34="",0,AB34))*(1+AC34),0) -> 0
A35: Ja | B35: stands | C35: quote | D35: stands:quote | E35: Läktare grundpaket | F35: Offert | G35: 0 | H35: 0 | I35: Ja | J35: Nej | K35: =IF(D35="","",SUMIF($Q$7:$Q$126,D35,$AD$7:$AD$126)) -> 0 | L35: =IF(D35="","",SUMIF($Q$7:$Q$126,D35,$Y$7:$Y$126)) -> 0 | M35: =IF(D35="","",IF(J35="Ja",K35,G35)) -> 0 | N35: =IF(D35="","",IF(J35="Ja",L35,H35)) -> 0 | O35: Större än 80 m² kräver offert. | W35: =IF(OR(T35="",V35=""),0,T35*V35) -> 0 | Y35: =IF(OR(T35="",X35=""),0,T35*X35) -> 0 | Z35: =IF(Inställningar!$B$5="",0,Inställningar!$B$5) -> 850 | AA35: =Y35*Z35 -> 0 | AC35: =IF(Inställningar!$B$6="",0,Inställningar!$B$6) -> 0.15 | AD35: =ROUND((W35+AA35+IF(AB35="",0,AB35))*(1+AC35),0) -> 0
A36: Ja | B36: checks | C36: ab04 | D36: checks:ab04 | E36: Entreprenad, dokumentation och krav | F36: Regel | G36: 0 | H36: 0 | I36: Nej | J36: Nej | K36: =IF(D36="","",SUMIF($Q$7:$Q$126,D36,$AD$7:$AD$126)) -> 0 | L36: =IF(D36="","",SUMIF($Q$7:$Q$126,D36,$Y$7:$Y$126)) -> 0 | M36: =IF(D36="","",IF(J36="Ja",K36,G36)) -> 0 | N36: =IF(D36="","",IF(J36="Ja",L36,H36)) -> 0 | O36: AB 04 markerat. | W36: =IF(OR(T36="",V36=""),0,T36*V36) -> 0 | Y36: =IF(OR(T36="",X36=""),0,T36*X36) -> 0 | Z36: =IF(Inställningar!$B$5="",0,Inställningar!$B$5) -> 850 | AA36: =Y36*Z36 -> 0 | AC36: =IF(Inställningar!$B$6="",0,Inställningar!$B$6) -> 0.15 | AD36: =ROUND((W36+AA36+IF(AB36="",0,AB36))*(1+AC36),0) -> 0
A37: Ja | B37: checks | C37: abt06 | D37: checks:abt06 | E37: Entreprenad, dokumentation och krav | F37: Regel | G37: 0 | H37: 0 | I37: Nej | J37: Nej | K37: =IF(D37="","",SUMIF($Q$7:$Q$126,D37,$AD$7:$AD$126)) -> 0 | L37: =IF(D37="","",SUMIF($Q$7:$Q$126,D37,$Y$7:$Y$126)) -> 0 | M37: =IF(D37="","",IF(J37="Ja",K37,G37)) -> 0 | N37: =IF(D37="","",IF(J37="Ja",L37,H37)) -> 0 | O37: ABT 06 markerat. | W37: =IF(OR(T37="",V37=""),0,T37*V37) -> 0 | Y37: =IF(OR(T37="",X37=""),0,T37*X37) -> 0 | Z37: =IF(Inställningar!$B$5="",0,Inställningar!$B$5) -> 850 | AA37: =Y37*Z37 -> 0 | AC37: =IF(Inställningar!$B$6="",0,Inställningar!$B$6) -> 0.15 | AD37: =ROUND((W37+AA37+IF(AB37="",0,AB37))*(1+AC37),0) -> 0
A38: Ja | B38: checks | C38: avabInstall | D38: checks:avabInstall | E38: Entreprenad, dokumentation och krav | F38: Regel | G38: 0 | H38: 0 | I38: Nej | J38: Nej | K38: =IF(D38="","",SUMIF($Q$7:$Q$126,D38,$AD$7:$AD$126)) -> 0 | L38: =IF(D38="","",SUMIF($Q$7:$Q$126,D38,$Y$7:$Y$126)) -> 0 | M38: =IF(D38="","",IF(J38="Ja",K38,G38)) -> 0 | N38: =IF(D38="","",IF(J38="Ja",L38,H38)) -> 0 | O38: AVAB installerar allt. | W38: =IF(OR(T38="",V38=""),0,T38*V38) -> 0 | Y38: =IF(OR(T38="",X38=""),0,T38*X38) -> 0 | Z38: =IF(Inställningar!$B$5="",0,Inställningar!$B$5) -> 850 | AA38: =Y38*Z38 -> 0 | AC38: =IF(Inställningar!$B$6="",0,Inställningar!$B$6) -> 0.15 | AD38: =ROUND((W38+AA38+IF(AB38="",0,AB38))*(1+AC38),0) -> 0
A39: Ja | B39: checks | C39: electricianInstall | D39: checks:electricianInstall | E39: Entreprenad, dokumentation och krav | F39: Regel | G39: 0 | H39: 0 | I39: Nej | J39: Nej | K39: =IF(D39="","",SUMIF($Q$7:$Q$126,D39,$AD$7:$AD$126)) -> 0 | L39: =IF(D39="","",SUMIF($Q$7:$Q$126,D39,$Y$7:$Y$126)) -> 0 | M39: =IF(D39="","",IF(J39="Ja",K39,G39)) -> 0 | N39: =IF(D39="","",IF(J39="Ja",L39,H39)) -> 0 | O39: Elektriker installerar efter AVAB:s ritning. | W39: =IF(OR(T39="",V39=""),0,T39*V39) -> 0 | Y39: =IF(OR(T39="",X39=""),0,T39*X39) -> 0 | Z39: =IF(Inställningar!$B$5="",0,Inställningar!$B$5) -> 850 | AA39: =Y39*Z39 -> 0 | AC39: =IF(Inställningar!$B$6="",0,Inställningar!$B$6) -> 0.15 | AD39: =ROUND((W39+AA39+IF(AB39="",0,AB39))*(1+AC39),0) -> 0
A40: Ja | B40: checks | C40: documentation | D40: checks:documentation | E40: Entreprenad, dokumentation och krav | F40: Fast | G40: 12000 | H40: 4 | I40: Nej | J40: Ja | K40: =IF(D40="","",SUMIF($Q$7:$Q$126,D40,$AD$7:$AD$126)) -> 12000 | L40: =IF(D40="","",SUMIF($Q$7:$Q$126,D40,$Y$7:$Y$126)) -> 4 | M40: =IF(D40="","",IF(J40="Ja",K40,G40)) -> 12000 | N40: =IF(D40="","",IF(J40="Ja",L40,H40)) -> 4 | O40: Relationshandling och dokumentation. | W40: =IF(OR(T40="",V40=""),0,T40*V40) -> 0 | Y40: =IF(OR(T40="",X40=""),0,T40*X40) -> 0 | Z40: =IF(Inställningar!$B$5="",0,Inställningar!$B$5) -> 850 | AA40: =Y40*Z40 -> 0 | AC40: =IF(Inställningar!$B$6="",0,Inställningar!$B$6) -> 0.15 | AD40: =ROUND((W40+AA40+IF(AB40="",0,AB40))*(1+AC40),0) -> 0
... A43: Ja | B43: checks | C43: warranty5 | D43: checks:warranty5 | E43: Garanti och materialhantering | F43: Procent | G43: 0 | H43: 0 | I43: Nej | J43: Nej | K43: =IF(D43="","",SUMIF($Q$7:$Q$126,D43,$AD$7:$AD$126)) -> 0 | L43: =IF(D43="","",SUMIF($Q$7:$Q$126,D43,$Y$7:$Y$126)) -> 0 | M43: =IF(D43="","",IF(J43="Ja",K43,G43)) -> 0 | N43: =IF(D43="","",IF(J43="Ja",L43,H43)) -> 0 | O43: 5 års garantitid. 10 % påslag på subtotal i nuvarande HTML-logik. | W43: =IF(OR(T43="",V43=""),0,T43*V43) -> 0 | Y43: =IF(OR(T43="",X43=""),0,T43*X43) -> 0 | Z43: =IF(Inställningar!$B$5="",0,Inställningar!$B$5) -> 850 | AA43: =Y43*Z43 -> 0 | AC43: =IF(Inställningar!$B$6="",0,Inställningar!$B$6) -> 0.15 | AD43: =ROUND((W43+AA43+IF(AB43="",0,AB43))*(1+AC43),0) -> 0
A44: Nej | I44: Nej | J44: Nej | K44: =IF(D44="","",SUMIF($Q$7:$Q$126,D44,$AD$7:$AD$126)) | L44: =IF(D44="","",SUMIF($Q$7:$Q$126,D44,$Y$7:$Y$126)) | M44: =IF(D44="","",IF(J44="Ja",K44,G44)) | N44: =IF(D44="","",IF(J44="Ja",L44,H44)) | W44: =IF(OR(T44="",V44=""),0,T44*V44) -> 0 | Y44: =IF(OR(T44="",X44=""),0,T44*X44) -> 0 | Z44: =IF(Inställningar!$B$5="",0,Inställningar!$B$5) -> 850 | AA44: =Y44*Z44 -> 0 | AC44: =IF(Inställningar!$B$6="",0,Inställningar!$B$6) -> 0.15 | AD44: =ROUND((W44+AA44+IF(AB44="",0,AB44))*(1+AC44),0) -> 0
A45: Nej | I45: Nej | J45: Nej | K45: =IF(D45="","",SUMIF($Q$7:$Q$126,D45,$AD$7:$AD$126)) | L45: =IF(D45="","",SUMIF($Q$7:$Q$126,D45,$Y$7:$Y$126)) | M45: =IF(D45="","",IF(J45="Ja",K45,G45)) | N45: =IF(D45="","",IF(J45="Ja",L45,H45)) | W45: =IF(OR(T45="",V45=""),0,T45*V45) -> 0 | Y45: =IF(OR(T45="",X45=""),0,T45*X45) -> 0 | Z45: =IF(Inställningar!$B$5="",0,Inställningar!$B$5) -> 850 | AA45: =Y45*Z45 -> 0 | AC45: =IF(Inställningar!$B$6="",0,Inställningar!$B$6) -> 0.15 | AD45: =ROUND((W45+AA45+IF(AB45="",0,AB45))*(1+AC45),0) -> 0
A46: Nej | I46: Nej | J46: Nej | K46: =IF(D46="","",SUMIF($Q$7:$Q$126,D46,$AD$7:$AD$126)) | L46: =IF(D46="","",SUMIF($Q$7:$Q$126,D46,$Y$7:$Y$126)) | M46: =IF(D46="","",IF(J46="Ja",K46,G46)) | N46: =IF(D46="","",IF(J46="Ja",L46,H46)) | W46: =IF(OR(T46="",V46=""),0,T46*V46) -> 0 | Y46: =IF(OR(T46="",X46=""),0,T46*X46) -> 0 | Z46: =IF(Inställningar!$B$5="",0,Inställningar!$B$5) -> 850 | AA46: =Y46*Z46 -> 0 | AC46: =IF(Inställningar!$B$6="",0,Inställningar!$B$6) -> 0.15 | AD46: =ROUND((W46+AA46+IF(AB46="",0,AB46))*(1+AC46),0) -> 0
A47: Nej | I47: Nej | J47: Nej | K47: =IF(D47="","",SUMIF($Q$7:$Q$126,D47,$AD$7:$AD$126)) | L47: =IF(D47="","",SUMIF($Q$7:$Q$126,D47,$Y$7:$Y$126)) | M47: =IF(D47="","",IF(J47="Ja",K47,G47)) | N47: =IF(D47="","",IF(J47="Ja",L47,H47)) | W47: =IF(OR(T47="",V47=""),0,T47*V47) -> 0 | Y47: =IF(OR(T47="",X47=""),0,T47*X47) -> 0 | Z47: =IF(Inställningar!$B$5="",0,Inställningar!$B$5) -> 850 | AA47: =Y47*Z47 -> 0 | AC47: =IF(Inställningar!$B$6="",0,Inställningar!$B$6) -> 0.15 | AD47: =ROUND((W47+AA47+IF(AB47="",0,AB47))*(1+AC47),0) -> 0
A48: Nej | I48: Nej | J48: Nej | K48: =IF(D48="","",SUMIF($Q$7:$Q$126,D48,$AD$7:$AD$126)) | L48: =IF(D48="","",SUMIF($Q$7:$Q$126,D48,$Y$7:$Y$126)) | M48: =IF(D48="","",IF(J48="Ja",K48,G48)) | N48: =IF(D48="","",IF(J48="Ja",L48,H48)) | W48: =IF(OR(T48="",V48=""),0,T48*V48) -> 0 | Y48: =IF(OR(T48="",X48=""),0,T48*X48) -> 0 | Z48: =IF(Inställningar!$B$5="",0,Inställningar!$B$5) -> 850 | AA48: =Y48*Z48 -> 0 | AC48: =IF(Inställningar!$B$6="",0,Inställningar!$B$6) -> 0.15 | AD48: =ROUND((W48+AA48+IF(AB48="",0,AB48))*(1+AC48),0) -> 0
A49: Nej | I49: Nej | J49: Nej | K49: =IF(D49="","",SUMIF($Q$7:$Q$126,D49,$AD$7:$AD$126)) | L49: =IF(D49="","",SUMIF($Q$7:$Q$126,D49,$Y$7:$Y$126)) | M49: =IF(D49="","",IF(J49="Ja",K49,G49)) | N49: =IF(D49="","",IF(J49="Ja",L49,H49)) | W49: =IF(OR(T49="",V49=""),0,T49*V49) -> 0 | Y49: =IF(OR(T49="",X49=""),0,T49*X49) -> 0 | Z49: =IF(Inställningar!$B$5="",0,Inställningar!$B$5) -> 850 | AA49: =Y49*Z49 -> 0 | AC49: =IF(Inställningar!$B$6="",0,Inställningar!$B$6) -> 0.15 | AD49: =ROUND((W49+AA49+IF(AB49="",0,AB49))*(1+AC49),0) -> 0
A50: Nej | I50: Nej | J50: Nej | K50: =IF(D50="","",SUMIF($Q$7:$Q$126,D50,$AD$7:$AD$126)) | L50: =IF(D50="","",SUMIF($Q$7:$Q$126,D50,$Y$7:$Y$126)) | M50: =IF(D50="","",IF(J50="Ja",K50,G50)) | N50: =IF(D50="","",IF(J50="Ja",L50,H50)) | W50: =IF(OR(T50="",V50=""),0,T50*V50) -> 0 | Y50: =IF(OR(T50="",X50=""),0,T50*X50) -> 0 | Z50: =IF(Inställningar!$B$5="",0,Inställningar!$B$5) -> 850 | AA50: =Y50*Z50 -> 0 | AC50: =IF(Inställningar!$B$6="",0,Inställningar!$B$6) -> 0.15 | AD50: =ROUND((W50+AA50+IF(AB50="",0,AB50))*(1+AC50),0) -> 0
A51: Nej | I51: Nej | J51: Nej | K51: =IF(D51="","",SUMIF($Q$7:$Q$126,D51,$AD$7:$AD$126)) | L51: =IF(D51="","",SUMIF($Q$7:$Q$126,D51,$Y$7:$Y$126)) | M51: =IF(D51="","",IF(J51="Ja",K51,G51)) | N51: =IF(D51="","",IF(J51="Ja",L51,H51)) | W51: =IF(OR(T51="",V51=""),0,T51*V51) -> 0 | Y51: =IF(OR(T51="",X51=""),0,T51*X51) -> 0 | Z51: =IF(Inställningar!$B$5="",0,Inställningar!$B$5) -> 850 | AA51: =Y51*Z51 -> 0 | AC51: =IF(Inställningar!$B$6="",0,Inställningar!$B$6) -> 0.15 | AD51: =ROUND((W51+AA51+IF(AB51="",0,AB51))*(1+AC51),0) -> 0
W52: =IF(OR(T52="",V52=""),0,T52*V52) -> 0 | Y52: =IF(OR(T52="",X52=""),0,T52*X52) -> 0 | Z52: =IF(Inställningar!$B$5="",0,Inställningar!$B$5) -> 850 | AA52: =Y52*Z52 -> 0 | AC52: =IF(Inställningar!$B$6="",0,Inställningar!$B$6) -> 0.15 | AD52: =ROUND((W52+AA52+IF(AB52="",0,AB52))*(1+AC52),0) -> 0
W53: =IF(OR(T53="",V53=""),0,T53*V53) -> 0 | Y53: =IF(OR(T53="",X53=""),0,T53*X53) -> 0 | Z53: =IF(Inställningar!$B$5="",0,Inställningar!$B$5) -> 850 | AA53: =Y53*Z53 -> 0 | AC53: =IF(Inställningar!$B$6="",0,Inställningar!$B$6) -> 0.15 | AD53: =ROUND((W53+AA53+IF(AB53="",0,AB53))*(1+AC53),0) -> 0
W54: =IF(OR(T54="",V54=""),0,T54*V54) -> 0 | Y54: =IF(OR(T54="",X54=""),0,T54*X54) -> 0 | Z54: =IF(Inställningar!$B$5="",0,Inställningar!$B$5) -> 850 | AA54: =Y54*Z54 -> 0 | AC54: =IF(Inställningar!$B$6="",0,Inställningar!$B$6) -> 0.15 | AD54: =ROUND((W54+AA54+IF(AB54="",0,AB54))*(1+AC54),0) -> 0
A55: Sporthall – regler och beräkningslogik från nuvarande HTML | W55: =IF(OR(T55="",V55=""),0,T55*V55) -> 0 | Y55: =IF(OR(T55="",X55=""),0,T55*X55) -> 0 | Z55: =IF(Inställningar!$B$5="",0,Inställningar!$B$5) -> 850 | AA55: =Y55*Z55 -> 0 | AC55: =IF(Inställningar!$B$6="",0,Inställningar!$B$6) -> 0.15 | AD55: =ROUND((W55+AA55+IF(AB55="",0,AB55))*(1+AC55),0) -> 0
W56: =IF(OR(T56="",V56=""),0,T56*V56) -> 0 | Y56: =IF(OR(T56="",X56=""),0,T56*X56) -> 0 | Z56: =IF(Inställningar!$B$5="",0,Inställningar!$B$5) -> 850 | AA56: =Y56*Z56 -> 0 | AC56: =IF(Inställningar!$B$6="",0,Inställningar!$B$6) -> 0.15 | AD56: =ROUND((W56+AA56+IF(AB56="",0,AB56))*(1+AC56),0) -> 0
A57: Läktartillgänglighet | B57: Prismultiplikator | C57: Extra pris | D57: Timmultiplikator | E57: Notering | W57: =IF(OR(T57="",V57=""),0,T57*V57) -> 0 | Y57: =IF(OR(T57="",X57=""),0,T57*X57) -> 0 | Z57: =IF(Inställningar!$B$5="",0,Inställningar!$B$5) -> 850 | AA57: =Y57*Z57 -> 0 | AC57: =IF(Inställningar!$B$6="",0,Inställningar!$B$6) -> 0.15 | AD57: =ROUND((W57+AA57+IF(AB57="",0,AB57))*(1+AC57),0) -> 0
A58: none | B58: 0.25 | C58: 0 | D58: 0.35 | E58: Förberedelse utan separat tillgänglighetslösning. | W58: =IF(OR(T58="",V58=""),0,T58*V58) -> 0 | Y58: =IF(OR(T58="",X58=""),0,T58*X58) -> 0 | Z58: =IF(Inställningar!$B$5="",0,Inställningar!$B$5) -> 850 | AA58: =Y58*Z58 -> 0 | AC58: =IF(Inställningar!$B$6="",0,Inställningar!$B$6) -> 0.15 | AD58: =ROUND((W58+AA58+IF(AB58="",0,AB58))*(1+AC58),0) -> 0
A59: loop | B59: 1 | C59: 0 | D59: 1 | E59: Hörslinga för läktare. | W59: =IF(OR(T59="",V59=""),0,T59*V59) -> 0 | Y59: =IF(OR(T59="",X59=""),0,T59*X59) -> 0 | Z59: =IF(Inställningar!$B$5="",0,Inställningar!$B$5) -> 850 | AA59: =Y59*Z59 -> 0 | AC59: =IF(Inställningar!$B$6="",0,Inställningar!$B$6) -> 0.15 | AD59: =ROUND((W59+AA59+IF(AB59="",0,AB59))*(1+AC59),0) -> 0
A60: auracast | B60: 0.55 | C60: 12000 | D60: 0.65 | E60: Auracast för läktare. | W60: =IF(OR(T60="",V60=""),0,T60*V60) -> 0 | Y60: =IF(OR(T60="",X60=""),0,T60*X60) -> 0 | Z60: =IF(Inställningar!$B$5="",0,Inställningar!$B$5) -> 850 | AA60: =Y60*Z60 -> 0 | AC60: =IF(Inställningar!$B$6="",0,Inställningar!$B$6) -> 0.15 | AD60: =ROUND((W60+AA60+IF(AB60="",0,AB60))*(1+AC60),0) -> 0
A61: both | B61: 1.25 | C61: 16000 | D61: 1.2 | E61: Hörslinga och Auracast för läktare. | W61: =IF(OR(T61="",V61=""),0,T61*V61) -> 0 | Y61: =IF(OR(T61="",X61=""),0,T61*X61) -> 0 | Z61: =IF(Inställningar!$B$5="",0,Inställningar!$B$5) -> 850 | AA61: =Y61*Z61 -> 0 | AC61: =IF(Inställningar!$B$6="",0,Inställningar!$B$6) -> 0.15 | AD61: =ROUND((W61+AA61+IF(AB61="",0,AB61))*(1+AC61),0) -> 0
W62: =IF(OR(T62="",V62=""),0,T62*V62) -> 0 | Y62: =IF(OR(T62="",X62=""),0,T62*X62) -> 0 | Z62: =IF(Inställningar!$B$5="",0,Inställningar!$B$5) -> 850 | AA62: =Y62*Z62 -> 0 | AC62: =IF(Inställningar!$B$6="",0,Inställningar!$B$6) -> 0.15 | AD62: =ROUND((W62+AA62+IF(AB62="",0,AB62))*(1+AC62),0) -> 0
W63: =IF(OR(T63="",V63=""),0,T63*V63) -> 0 | Y63: =IF(OR(T63="",X63=""),0,T63*X63) -> 0 | Z63: =IF(Inställningar!$B$5="",0,Inställningar!$B$5) -> 850 | AA63: =Y63*Z63 -> 0 | AC63: =IF(Inställningar!$B$6="",0,Inställningar!$B$6) -> 0.15 | AD63: =ROUND((W63+AA63+IF(AB63="",0,AB63))*(1+AC63),0) -> 0
A64: LED-pitch | B64: Pris/m² | C64: Startkostnad | D64: Offert? | E64: Kommentar | W64: =IF(OR(T64="",V64=""),0,T64*V64) -> 0 | Y64: =IF(OR(T64="",X64=""),0,T64*X64) -> 0 | Z64: =IF(Inställningar!$B$5="",0,Inställningar!$B$5) -> 850 | AA64: =Y64*Z64 -> 0 | AC64: =IF(Inställningar!$B$6="",0,Inställningar!$B$6) -> 0.15 | AD64: =ROUND((W64+AA64+IF(AB64="",0,AB64))*(1+AC64),0) -> 0
A65: none | B65: 0 | C65: 0 | D65: Nej | E65: Ingen LED-vägg. | W65: =IF(OR(T65="",V65=""),0,T65*V65) -> 0 | Y65: =IF(OR(T65="",X65=""),0,T65*X65) -> 0 | Z65: =IF(Inställningar!$B$5="",0,Inställningar!$B$5) -> 850 | AA65: =Y65*Z65 -> 0 | AC65: =IF(Inställningar!$B$6="",0,Inställningar!$B$6) -> 0.15 | AD65: =ROUND((W65+AA65+IF(AB65="",0,AB65))*(1+AC65),0) -> 0
A66: p25 | B66: 58000 | C66: 28000 | D66: Nej | E66: P2.5 | W66: =IF(OR(T66="",V66=""),0,T66*V66) -> 0 | Y66: =IF(OR(T66="",X66=""),0,T66*X66) -> 0 | Z66: =IF(Inställningar!$B$5="",0,Inställningar!$B$5) -> 850 | AA66: =Y66*Z66 -> 0 | AC66: =IF(Inställningar!$B$6="",0,Inställningar!$B$6) -> 0.15 | AD66: =ROUND((W66+AA66+IF(AB66="",0,AB66))*(1+AC66),0) -> 0
A67: p39 | B67: 41000 | C67: 26000 | D67: Nej | E67: P3.9 | W67: =IF(OR(T67="",V67=""),0,T67*V67) -> 0 | Y67: =IF(OR(T67="",X67=""),0,T67*X67) -> 0 | Z67: =IF(Inställningar!$B$5="",0,Inställningar!$B$5) -> 850 | AA67: =Y67*Z67 -> 0 | AC67: =IF(Inställningar!$B$6="",0,Inställningar!$B$6) -> 0.15 | AD67: =ROUND((W67+AA67+IF(AB67="",0,AB67))*(1+AC67),0) -> 0
A68: p49 | B68: 34000 | C68: 24000 | D68: Nej | E68: P4.9 | W68: =IF(OR(T68="",V68=""),0,T68*V68) -> 0 | Y68: =IF(OR(T68="",X68=""),0,T68*X68) -> 0 | Z68: =IF(Inställningar!$B$5="",0,Inställningar!$B$5) -> 850 | AA68: =Y68*Z68 -> 0 | AC68: =IF(Inställningar!$B$6="",0,Inställningar!$B$6) -> 0.15 | AD68: =ROUND((W68+AA68+IF(AB68="",0,AB68))*(1+AC68),0) -> 0
A69: quote | B69: 0 | C69: 0 | D69: Ja | E69: Special/offert. | W69: =IF(OR(T69="",V69=""),0,T69*V69) -> 0 | Y69: =IF(OR(T69="",X69=""),0,T69*X69) -> 0 | Z69: =IF(Inställningar!$B$5="",0,Inställningar!$B$5) -> 850 | AA69: =Y69*Z69 -> 0 | AC69: =IF(Inställningar!$B$6="",0,Inställningar!$B$6) -> 0.15 | AD69: =ROUND((W69+AA69+IF(AB69="",0,AB69))*(1+AC69),0) -> 0
W70: =IF(OR(T70="",V70=""),0,T70*V70) -> 0 | Y70: =IF(OR(T70="",X70=""),0,T70*X70) -> 0 | Z70: =IF(Inställningar!$B$5="",0,Inställningar!$B$5) -> 850 | AA70: =Y70*Z70 -> 0 | AC70: =IF(Inställningar!$B$6="",0,Inställningar!$B$6) -> 0.15 | AD70: =ROUND((W70+AA70+IF(AB70="",0,AB70))*(1+AC70),0) -> 0
W71: =IF(OR(T71="",V71=""),0,T71*V71) -> 0 | Y71: =IF(OR(T71="",X71=""),0,T71*X71) -> 0 | Z71: =IF(Inställningar!$B$5="",0,Inställningar!$B$5) -> 850 | AA71: =Y71*Z71 -> 0 | AC71: =IF(Inställningar!$B$6="",0,Inställningar!$B$6) -> 0.15 | AD71: =ROUND((W71+AA71+IF(AB71="",0,AB71))*(1+AC71),0) -> 0
A72: Regel | B72: Värde | C72: Typ | D72: Kommentar | W72: =IF(OR(T72="",V72=""),0,T72*V72) -> 0 | Y72: =IF(OR(T72="",X72=""),0,T72*X72) -> 0 | Z72: =IF(Inställningar!$B$5="",0,Inställningar!$B$5) -> 850 | AA72: =Y72*Z72 -> 0 | AC72: =IF(Inställningar!$B$6="",0,Inställningar!$B$6) -> 0.15 | AD72: =ROUND((W72+AA72+IF(AB72="",0,AB72))*(1+AC72),0) -> 0
A73: 5 års garantitid | B73: 0.1 | C73: Procent | D73: 10 % på subtotal enligt nuvarande HTML-logik. | W73: =IF(OR(T73="",V73=""),0,T73*V73) -> 0 | Y73: =IF(OR(T73="",X73=""),0,T73*X73) -> 0 | Z73: =IF(Inställningar!$B$5="",0,Inställningar!$B$5) -> 850 | AA73: =Y73*Z73 -> 0 | AC73: =IF(Inställningar!$B$6="",0,Inställningar!$B$6) -> 0.15 | AD73: =ROUND((W73+AA73+IF(AB73="",0,AB73))*(1+AC73),0) -> 0
A74: Standardplan hörslinga | B74: ca 44 x 23 m | C74: Referens | D74: Planstorleken anges uttryckligen i nuvarande kalkylator. | W74: =IF(OR(T74="",V74=""),0,T74*V74) -> 0 | Y74: =IF(OR(T74="",X74=""),0,T74*X74) -> 0 | Z74: =IF(Inställningar!$B$5="",0,Inställningar!$B$5) -> 850 | AA74: =Y74*Z74 -> 0 | AC74: =IF(Inställningar!$B$6="",0,Inställningar!$B$6) -> 0.15 | AD74: =ROUND((W74+AA74+IF(AB74="",0,AB74))*(1+AC74),0) -> 0
W75: =IF(OR(T75="",V75=""),0,T75*V75) -> 0 | Y75: =IF(OR(T75="",X75=""),0,T75*X75) -> 0 | Z75: =IF(Inställningar!$B$5="",0,Inställningar!$B$5) -> 850 | AA75: =Y75*Z75 -> 0 | AC75: =IF(Inställningar!$B$6="",0,Inställningar!$B$6) -> 0.15 | AD75: =ROUND((W75+AA75+IF(AB75="",0,AB75))*(1+AC75),0) -> 0
W76: =IF(OR(T76="",V76=""),0,T76*V76) -> 0 | Y76: =IF(OR(T76="",X76=""),0,T76*X76) -> 0 | Z76: =IF(Inställningar!$B$5="",0,Inställningar!$B$5) -> 850 | AA76: =Y76*Z76 -> 0 | AC76: =IF(Inställningar!$B$6="",0,Inställningar!$B$6) -> 0.15 | AD76: =ROUND((W76+AA76+IF(AB76="",0,AB76))*(1+AC76),0) -> 0
A77: Halltyp | B77: Basljud | C77: Styrning | D77: Läktarljud | E77: Handmik | F77: Bluetooth | G77: STI | H77: Kommentar | W77: =IF(OR(T77="",V77=""),0,T77*V77) -> 0 | Y77: =IF(OR(T77="",X77=""),0,T77*X77) -> 0 | Z77: =IF(Inställningar!$B$5="",0,Inställningar!$B$5) -> 850 | AA77: =Y77*Z77 -> 0 | AC77: =IF(Inställningar!$B$6="",0,Inställningar!$B$6) -> 0.15 | AD77: =ROUND((W77+AA77+IF(AB77="",0,AB77))*(1+AC77),0) -> 0
A78: simple | B78: simple | C78: knob | D78: none | E78: 1 | F78: 1 | G78: none | H78: Default i JavaScript. | W78: =IF(OR(T78="",V78=""),0,T78*V78) -> 0 | Y78: =IF(OR(T78="",X78=""),0,T78*X78) -> 0 | Z78: =IF(Inställningar!$B$5="",0,Inställningar!$B$5) -> 850 | AA78: =Y78*Z78 -> 0 | AC78: =IF(Inställningar!$B$6="",0,Inställningar!$B$6) -> 0.15 | AD78: =ROUND((W78+AA78+IF(AB78="",0,AB78))*(1+AC78),0) -> 0
A79: dividable | B79: dsp | C79: touch | D79: none | E79: 2 | F79: 2 | G79: none | H79: Default i JavaScript. | W79: =IF(OR(T79="",V79=""),0,T79*V79) -> 0 | Y79: =IF(OR(T79="",X79=""),0,T79*X79) -> 0 | Z79: =IF(Inställningar!$B$5="",0,Inställningar!$B$5) -> 850 | AA79: =Y79*Z79 -> 0 | AC79: =IF(Inställningar!$B$6="",0,Inställningar!$B$6) -> 0.15 | AD79: =ROUND((W79+AA79+IF(AB79="",0,AB79))*(1+AC79),0) -> 0
A80: stands | B80: dsp | C80: touch | D80: eight12 | G80: none | H80: Minst 1 läktare initieras. | W80: =IF(OR(T80="",V80=""),0,T80*V80) -> 0 | Y80: =IF(OR(T80="",X80=""),0,T80*X80) -> 0 | Z80: =IF(Inställningar!$B$5="",0,Inställningar!$B$5) -> 850 | AA80: =Y80*Z80 -> 0 | AC80: =IF(Inställningar!$B$6="",0,Inställningar!$B$6) -> 0.15 | AD80: =ROUND((W80+AA80+IF(AB80="",0,AB80))*(1+AC80),0) -> 0
A81: sti | B81: dsp | C81: touch | G81: 060 | H81: STI 0,60 väljs som default. | W81: =IF(OR(T81="",V81=""),0,T81*V81) -> 0 | Y81: =IF(OR(T81="",X81=""),0,T81*X81) -> 0 | Z81: =IF(Inställningar!$B$5="",0,Inställningar!$B$5) -> 850 | AA81: =Y81*Z81 -> 0 | AC81: =IF(Inställningar!$B$6="",0,Inställningar!$B$6) -> 0.15 | AD81: =ROUND((W81+AA81+IF(AB81="",0,AB81))*(1+AC81),0) -> 0
W82: =IF(OR(T82="",V82=""),0,T82*V82) -> 0 | Y82: =IF(OR(T82="",X82=""),0,T82*X82) -> 0 | Z82: =IF(Inställningar!$B$5="",0,Inställningar!$B$5) -> 850 | AA82: =Y82*Z82 -> 0 | AC82: =IF(Inställningar!$B$6="",0,Inställningar!$B$6) -> 0.15 | AD82: =ROUND((W82+AA82+IF(AB82="",0,AB82))*(1+AC82),0) -> 0
W83: =IF(OR(T83="",V83=""),0,T83*V83) -> 0 | Y83: =IF(OR(T83="",X83=""),0,T83*X83) -> 0 | Z83: =IF(Inställningar!$B$5="",0,Inställningar!$B$5) -> 850 | AA83: =Y83*Z83 -> 0 | AC83: =IF(Inställningar!$B$6="",0,Inställningar!$B$6) -> 0.15 | AD83: =ROUND((W83+AA83+IF(AB83="",0,AB83))*(1+AC83),0) -> 0
A84: Valgrupp | B84: Alternativ 1 | C84: Alternativ 2 | D84: Rekommenderad webblogik | W84: =IF(OR(T84="",V84=""),0,T84*V84) -> 0 | Y84: =IF(OR(T84="",X84=""),0,T84*X84) -> 0 | Z84: =IF(Inställningar!$B$5="",0,Inställningar!$B$5) -> 850 | AA84: =Y84*Z84 -> 0 | AC84: =IF(Inställningar!$B$6="",0,Inställningar!$B$6) -> 0.15 | AD84: =ROUND((W84+AA84+IF(AB84="",0,AB84))*(1+AC84),0) -> 0
A85: Entreprenadform | B85: AB 04 | C85: ABT 06 | D85: Ömsesidigt uteslutande val. | W85: =IF(OR(T85="",V85=""),0,T85*V85) -> 0 | Y85: =IF(OR(T85="",X85=""),0,T85*X85) -> 0 | Z85: =IF(Inställningar!$B$5="",0,Inställningar!$B$5) -> 850 | AA85: =Y85*Z85 -> 0 | AC85: =IF(Inställningar!$B$6="",0,Inställningar!$B$6) -> 0.15 | AD85: =ROUND((W85+AA85+IF(AB85="",0,AB85))*(1+AC85),0) -> 0
A86: Installation | B86: AVAB installerar allt | C86: Elektriker installerar | D86: Ömsesidigt uteslutande val. | W86: =IF(OR(T86="",V86=""),0,T86*V86) -> 0 | Y86: =IF(OR(T86="",X86=""),0,T86*X86) -> 0 | Z86: =IF(Inställningar!$B$5="",0,Inställningar!$B$5) -> 850 | AA86: =Y86*Z86 -> 0 | AC86: =IF(Inställningar!$B$6="",0,Inställningar!$B$6) -> 0.15 | AD86: =ROUND((W86+AA86+IF(AB86="",0,AB86))*(1+AC86),0) -> 0
W87: =IF(OR(T87="",V87=""),0,T87*V87) -> 0 | Y87: =IF(OR(T87="",X87=""),0,T87*X87) -> 0 | Z87: =IF(Inställningar!$B$5="",0,Inställningar!$B$5) -> 850 | AA87: =Y87*Z87 -> 0 | AC87: =IF(Inställningar!$B$6="",0,Inställningar!$B$6) -> 0.15 | AD87: =ROUND((W87+AA87+IF(AB87="",0,AB87))*(1+AC87),0) -> 0
W88: =IF(OR(T88="",V88=""),0,T88*V88) -> 0 | Y88: =IF(OR(T88="",X88=""),0,T88*X88) -> 0 | Z88: =IF(Inställningar!$B$5="",0,Inställningar!$B$5) -> 850 | AA88: =Y88*Z88 -> 0 | AC88: =IF(Inställningar!$B$6="",0,Inställningar!$B$6) -> 0.15 | AD88: =ROUND((W88+AA88+IF(AB88="",0,AB88))*(1+AC88),0) -> 0
W89: =IF(OR(T89="",V89=""),0,T89*V89) -> 0 | Y89: =IF(OR(T89="",X89=""),0,T89*X89) -> 0 | Z89: =IF(Inställningar!$B$5="",0,Inställningar!$B$5) -> 850 | AA89: =Y89*Z89 -> 0 | AC89: =IF(Inställningar!$B$6="",0,Inställningar!$B$6) -> 0.15 | AD89: =ROUND((W89+AA89+IF(AB89="",0,AB89))*(1+AC89),0) -> 0
W90: =IF(OR(T90="",V90=""),0,T90*V90) -> 0 | Y90: =IF(OR(T90="",X90=""),0,T90*X90) -> 0 | Z90: =IF(Inställningar!$B$5="",0,Inställningar!$B$5) -> 850 | AA90: =Y90*Z90 -> 0 | AC90: =IF(Inställningar!$B$6="",0,Inställningar!$B$6) -> 0.15 | AD90: =ROUND((W90+AA90+IF(AB90="",0,AB90))*(1+AC90),0) -> 0
W91: =IF(OR(T91="",V91=""),0,T91*V91) -> 0 | Y91: =IF(OR(T91="",X91=""),0,T91*X91) -> 0 | Z91: =IF(Inställningar!$B$5="",0,Inställningar!$B$5) -> 850 | AA91: =Y91*Z91 -> 0 | AC91: =IF(Inställningar!$B$6="",0,Inställningar!$B$6) -> 0.15 | AD91: =ROUND((W91+AA91+IF(AB91="",0,AB91))*(1+AC91),0) -> 0
W92: =IF(OR(T92="",V92=""),0,T92*V92) -> 0 | Y92: =IF(OR(T92="",X92=""),0,T92*X92) -> 0 | Z92: =IF(Inställningar!$B$5="",0,Inställningar!$B$5) -> 850 | AA92: =Y92*Z92 -> 0 | AC92: =IF(Inställningar!$B$6="",0,Inställningar!$B$6) -> 0.15 | AD92: =ROUND((W92+AA92+IF(AB92="",0,AB92))*(1+AC92),0) -> 0
W93: =IF(OR(T93="",V93=""),0,T93*V93) -> 0 | Y93: =IF(OR(T93="",X93=""),0,T93*X93) -> 0 | Z93: =IF(Inställningar!$B$5="",0,Inställningar!$B$5) -> 850 | AA93: =Y93*Z93 -> 0 | AC93: =IF(Inställningar!$B$6="",0,Inställningar!$B$6) -> 0.15 | AD93: =ROUND((W93+AA93+IF(AB93="",0,AB93))*(1+AC93),0) -> 0
W94: =IF(OR(T94="",V94=""),0,T94*V94) -> 0 | Y94: =IF(OR(T94="",X94=""),0,T94*X94) -> 0 | Z94: =IF(Inställningar!$B$5="",0,Inställningar!$B$5) -> 850 | AA94: =Y94*Z94 -> 0 | AC94: =IF(Inställningar!$B$6="",0,Inställningar!$B$6) -> 0.15 | AD94: =ROUND((W94+AA94+IF(AB94="",0,AB94))*(1+AC94),0) -> 0
W95: =IF(OR(T95="",V95=""),0,T95*V95) -> 0 | Y95: =IF(OR(T95="",X95=""),0,T95*X95) -> 0 | Z95: =IF(Inställningar!$B$5="",0,Inställningar!$B$5) -> 850 | AA95: =Y95*Z95 -> 0 | AC95: =IF(Inställningar!$B$6="",0,Inställningar!$B$6) -> 0.15 | AD95: =ROUND((W95+AA95+IF(AB95="",0,AB95))*(1+AC95),0) -> 0
W96: =IF(OR(T96="",V96=""),0,T96*V96) -> 0 | Y96: =IF(OR(T96="",X96=""),0,T96*X96) -> 0 | Z96: =IF(Inställningar!$B$5="",0,Inställningar!$B$5) -> 850 | AA96: =Y96*Z96 -> 0 | AC96: =IF(Inställningar!$B$6="",0,Inställningar!$B$6) -> 0.15 | AD96: =ROUND((W96+AA96+IF(AB96="",0,AB96))*(1+AC96),0) -> 0
W97: =IF(OR(T97="",V97=""),0,T97*V97) -> 0 | Y97: =IF(OR(T97="",X97=""),0,T97*X97) -> 0 | Z97: =IF(Inställningar!$B$5="",0,Inställningar!$B$5) -> 850 | AA97: =Y97*Z97 -> 0 | AC97: =IF(Inställningar!$B$6="",0,Inställningar!$B$6) -> 0.15 | AD97: =ROUND((W97+AA97+IF(AB97="",0,AB97))*(1+AC97),0) -> 0
W98: =IF(OR(T98="",V98=""),0,T98*V98) -> 0 | Y98: =IF(OR(T98="",X98=""),0,T98*X98) -> 0 | Z98: =IF(Inställningar!$B$5="",0,Inställningar!$B$5) -> 850 | AA98: =Y98*Z98 -> 0 | AC98: =IF(Inställningar!$B$6="",0,Inställningar!$B$6) -> 0.15 | AD98: =ROUND((W98+AA98+IF(AB98="",0,AB98))*(1+AC98),0) -> 0
... W126: =IF(OR(T126="",V126=""),0,T126*V126) -> 0 | Y126: =IF(OR(T126="",X126=""),0,T126*X126) -> 0 | Z126: =IF(Inställningar!$B$5="",0,Inställningar!$B$5) -> 850 | AA126: =Y126*Z126 -> 0 | AC126: =IF(Inställningar!$B$6="",0,Inställningar!$B$6) -> 0.15 | AD126: =ROUND((W126+AA126+IF(AB126="",0,AB126))*(1+AC126),0) -> 0

Sheet Simhall
A1: Simhall – kalkylmaster
A3: TESTSTART – värden är inlagda för provkörning och är inte skarpa offerter. Byt dem innan publicering. Vänster: webbpaket. Höger: interna startdelar.
A6: Publicera | B6: Grupp | C6: Nyckel | D6: Paket-ID | E6: Visningsnamn | F6: Typ | G6: Nuvarande webbpris | H6: Nuvarande timmar | I6: Offert? | J6: Använd intern kalkyl? | K6: Internt kalkylpris | L6: Interna timmar | M6: Exportpris | N6: Exporttimmar | O6: Notering | Q6: Paket-ID | R6: Del-ID | S6: Benämning | T6: Antal | U6: Enhet | V6: Inköpspris/st | W6: Material | X6: Arbete h/st | Y6: Timmar | Z6: Timpris | AA6: Arbete | AB6: Övrigt | AC6: Påslag % | AD6: Budgetpris | AE6: Kommentar
A7: Ja | B7: facilityType | C7: standard | D7: facilityType:standard | E7: Simhall – grundlogik | F7: Fast | G7: 0 | H7: 0 | I7: Nej | J7: Nej | K7: =IF(D7="","",SUMIF($Q$7:$Q$126,D7,$AD$7:$AD$126)) -> 0 | L7: =IF(D7="","",SUMIF($Q$7:$Q$126,D7,$Y$7:$Y$126)) -> 0 | M7: =IF(D7="","",IF(J7="Ja",K7,G7)) -> 0 | N7: =IF(D7="","",IF(J7="Ja",L7,H7)) -> 0 | O7: Standard simhall. TESTSTARTVÄRDE. | Q7: facilityType:multi | R7: START-multi | S7: Startmaterial / ersätt med verklig delkalkyl | T7: 1 | U7: paket | V7: 13991.304 | W7: =IF(OR(T7="",V7=""),0,T7*V7) -> 13991.304 | X7: 4 | Y7: =IF(OR(T7="",X7=""),0,T7*X7) -> 4 | Z7: =IF(Inställningar!$B$5="",0,Inställningar!$B$5) -> 850 | AA7: =Y7*Z7 -> 3400 | AB7: 0 | AC7: =IF(Inställningar!$B$6="",0,Inställningar!$B$6) -> 0.15 | AD7: =ROUND((W7+AA7+IF(AB7="",0,AB7))*(1+AC7),0) -> 20000 | AE7: TESTSTARTVÄRDE. Generisk startfördelning för test; byt mot verkliga komponenter.
A8: Ja | B8: facilityType | C8: multi | D8: facilityType:multi | E8: Simhall – grundlogik | F8: Fast | G8: 20000 | H8: 4 | I8: Nej | J8: Ja | K8: =IF(D8="","",SUMIF($Q$7:$Q$126,D8,$AD$7:$AD$126)) -> 20000 | L8: =IF(D8="","",SUMIF($Q$7:$Q$126,D8,$Y$7:$Y$126)) -> 4 | M8: =IF(D8="","",IF(J8="Ja",K8,G8)) -> 20000 | N8: =IF(D8="","",IF(J8="Ja",L8,H8)) -> 4 | O8: Flera bassänger/zoner. TESTSTARTVÄRDE – byt innan publicering. | Q8: basePackage:standard | R8: START-standard | S8: Startmaterial / ersätt med verklig delkalkyl | T8: 1 | U8: paket | V8: 95291.304 | W8: =IF(OR(T8="",V8=""),0,T8*V8) -> 95291.304 | X8: 26 | Y8: =IF(OR(T8="",X8=""),0,T8*X8) -> 26 | Z8: =IF(Inställningar!$B$5="",0,Inställningar!$B$5) -> 850 | AA8: =Y8*Z8 -> 22100 | AB8: 0 | AC8: =IF(Inställningar!$B$6="",0,Inställningar!$B$6) -> 0.15 | AD8: =ROUND((W8+AA8+IF(AB8="",0,AB8))*(1+AC8),0) -> 135000 | AE8: TESTSTARTVÄRDE. Generisk startfördelning för test; byt mot verkliga komponenter.
A9: Ja | B9: basePackage | C9: standard | D9: basePackage:standard | E9: Basljud simhall | F9: Fast | G9: 135000 | H9: 26 | I9: Nej | J9: Ja | K9: =IF(D9="","",SUMIF($Q$7:$Q$126,D9,$AD$7:$AD$126)) -> 135000 | L9: =IF(D9="","",SUMIF($Q$7:$Q$126,D9,$Y$7:$Y$126)) -> 26 | M9: =IF(D9="","",IF(J9="Ja",K9,G9)) -> 135000 | N9: =IF(D9="","",IF(J9="Ja",L9,H9)) -> 26 | O9: Grundpaket för simhallsmiljö. TESTSTARTVÄRDE. | Q9: basePackage:dsp | R9: START-dsp | S9: Startmaterial / ersätt med verklig delkalkyl | T9: 1 | U9: paket | V9: 116278.26 | W9: =IF(OR(T9="",V9=""),0,T9*V9) -> 116278.26 | X9: 32 | Y9: =IF(OR(T9="",X9=""),0,T9*X9) -> 32 | Z9: =IF(Inställningar!$B$5="",0,Inställningar!$B$5) -> 850 | AA9: =Y9*Z9 -> 27200 | AB9: 0 | AC9: =IF(Inställningar!$B$6="",0,Inställningar!$B$6) -> 0.15 | AD9: =ROUND((W9+AA9+IF(AB9="",0,AB9))*(1+AC9),0) -> 165000 | AE9: TESTSTARTVÄRDE. Generisk startfördelning för test; byt mot verkliga komponenter.
A10: Ja | B10: basePackage | C10: dsp | D10: basePackage:dsp | E10: Basljud simhall med DSP | F10: Fast | G10: 165000 | H10: 32 | I10: Nej | J10: Ja | K10: =IF(D10="","",SUMIF($Q$7:$Q$126,D10,$AD$7:$AD$126)) -> 165000 | L10: =IF(D10="","",SUMIF($Q$7:$Q$126,D10,$Y$7:$Y$126)) -> 32 | M10: =IF(D10="","",IF(J10="Ja",K10,G10)) -> 165000 | N10: =IF(D10="","",IF(J10="Ja",L10,H10)) -> 32 | O10: Fler zoner och styrlogik. TESTSTARTVÄRDE. | Q10: control:knob | R10: START-knob | S10: Startmaterial / ersätt med verklig delkalkyl | T10: 1 | U10: paket | V10: 4821.7391 | W10: =IF(OR(T10="",V10=""),0,T10*V10) -> 4821.7391 | X10: 2 | Y10: =IF(OR(T10="",X10=""),0,T10*X10) -> 2 | Z10: =IF(Inställningar!$B$5="",0,Inställningar!$B$5) -> 850 | AA10: =Y10*Z10 -> 1700 | AB10: 0 | AC10: =IF(Inställningar!$B$6="",0,Inställningar!$B$6) -> 0.15 | AD10: =ROUND((W10+AA10+IF(AB10="",0,AB10))*(1+AC10),0) -> 7500 | AE10: TESTSTARTVÄRDE. Generisk startfördelning för test; byt mot verkliga komponenter.
A11: Ja | B11: control | C11: knob | D11: control:knob | E11: Styrning | F11: Fast | G11: 7500 | H11: 2 | I11: Nej | J11: Ja | K11: =IF(D11="","",SUMIF($Q$7:$Q$126,D11,$AD$7:$AD$126)) -> 7500 | L11: =IF(D11="","",SUMIF($Q$7:$Q$126,D11,$Y$7:$Y$126)) -> 2 | M11: =IF(D11="","",IF(J11="Ja",K11,G11)) -> 7500 | N11: =IF(D11="","",IF(J11="Ja",L11,H11)) -> 2 | O11: Enkel styrning. TESTSTARTVÄRDE. | Q11: control:touch | R11: START-touch | S11: Startmaterial / ersätt med verklig delkalkyl | T11: 1 | U11: paket | V11: 22726.087 | W11: =IF(OR(T11="",V11=""),0,T11*V11) -> 22726.087 | X11: 6 | Y11: =IF(OR(T11="",X11=""),0,T11*X11) -> 6 | Z11: =IF(Inställningar!$B$5="",0,Inställningar!$B$5) -> 850 | AA11: =Y11*Z11 -> 5100 | AB11: 0 | AC11: =IF(Inställningar!$B$6="",0,Inställningar!$B$6) -> 0.15 | AD11: =ROUND((W11+AA11+IF(AB11="",0,AB11))*(1+AC11),0) -> 32000 | AE11: TESTSTARTVÄRDE. Generisk startfördelning för test; byt mot verkliga komponenter.
A12: Ja | B12: control | C12: touch | D12: control:touch | E12: Styrning | F12: Fast | G12: 32000 | H12: 6 | I12: Nej | J12: Ja | K12: =IF(D12="","",SUMIF($Q$7:$Q$126,D12,$AD$7:$AD$126)) -> 32000 | L12: =IF(D12="","",SUMIF($Q$7:$Q$126,D12,$Y$7:$Y$126)) -> 6 | M12: =IF(D12="","",IF(J12="Ja",K12,G12)) -> 32000 | N12: =IF(D12="","",IF(J12="Ja",L12,H12)) -> 6 | O12: Touchstyrning och zonlägen. TESTSTARTVÄRDE. | Q12: accessibility:loopStandard | R12: START-loopStandard | S12: Startmaterial / ersätt med verklig delkalkyl | T12: 1 | U12: paket | V12: 109478.26 | W12: =IF(OR(T12="",V12=""),0,T12*V12) -> 109478.26 | X12: 40 | Y12: =IF(OR(T12="",X12=""),0,T12*X12) -> 40 | Z12: =IF(Inställningar!$B$5="",0,Inställningar!$B$5) -> 850 | AA12: =Y12*Z12 -> 34000 | AB12: 0 | AC12: =IF(Inställningar!$B$6="",0,Inställningar!$B$6) -> 0.15 | AD12: =ROUND((W12+AA12+IF(AB12="",0,AB12))*(1+AC12),0) -> 165000 | AE12: TESTSTARTVÄRDE. Generisk startfördelning för test; byt mot verkliga komponenter.
A13: Ja | B13: accessibility | C13: loopStandard | D13: accessibility:loopStandard | E13: Hörslinga simhall | F13: Fast | G13: 165000 | H13: 40 | I13: Nej | J13: Ja | K13: =IF(D13="","",SUMIF($Q$7:$Q$126,D13,$AD$7:$AD$126)) -> 165000 | L13: =IF(D13="","",SUMIF($Q$7:$Q$126,D13,$Y$7:$Y$126)) -> 40 | M13: =IF(D13="","",IF(J13="Ja",K13,G13)) -> 165000 | N13: =IF(D13="","",IF(J13="Ja",L13,H13)) -> 40 | O13: Standardiserat testvärde för tillgänglighet. | Q13: accessibility:auracast | R13: START-auracast | S13: Startmaterial / ersätt med verklig delkalkyl | T13: 1 | U13: paket | V13: 29663.043 | W13: =IF(OR(T13="",V13=""),0,T13*V13) -> 29663.043 | X13: 5 | Y13: =IF(OR(T13="",X13=""),0,T13*X13) -> 5 | Z13: =IF(Inställningar!$B$5="",0,Inställningar!$B$5) -> 850 | AA13: =Y13*Z13 -> 4250 | AB13: 0 | AC13: =IF(Inställningar!$B$6="",0,Inställningar!$B$6) -> 0.15 | AD13: =ROUND((W13+AA13+IF(AB13="",0,AB13))*(1+AC13),0) -> 39000 | AE13: TESTSTARTVÄRDE. Generisk startfördelning för test; byt mot verkliga komponenter.
A14: Ja | B14: accessibility | C14: auracast | D14: accessibility:auracast | E14: Auracast | F14: Fast | G14: 39000 | H14: 5 | I14: Nej | J14: Ja | K14: =IF(D14="","",SUMIF($Q$7:$Q$126,D14,$AD$7:$AD$126)) -> 39000 | L14: =IF(D14="","",SUMIF($Q$7:$Q$126,D14,$Y$7:$Y$126)) -> 5 | M14: =IF(D14="","",IF(J14="Ja",K14,G14)) -> 39000 | N14: =IF(D14="","",IF(J14="Ja",L14,H14)) -> 5 | O14: Kompletterande ljuddistribution. TESTSTARTVÄRDE. | Q14: sti:050 | R14: START-050 | S14: Startmaterial / ersätt med verklig delkalkyl | T14: 1 | U14: paket | V14: 17547.826 | W14: =IF(OR(T14="",V14=""),0,T14*V14) -> 17547.826 | X14: 8 | Y14: =IF(OR(T14="",X14=""),0,T14*X14) -> 8 | Z14: =IF(Inställningar!$B$5="",0,Inställningar!$B$5) -> 850 | AA14: =Y14*Z14 -> 6800 | AB14: 0 | AC14: =IF(Inställningar!$B$6="",0,Inställningar!$B$6) -> 0.15 | AD14: =ROUND((W14+AA14+IF(AB14="",0,AB14))*(1+AC14),0) -> 28000 | AE14: TESTSTARTVÄRDE. Generisk startfördelning för test; byt mot verkliga komponenter.
A15: Ja | B15: sti | C15: 050 | D15: sti:050 | E15: STI och inmätning | F15: Fast | G15: 28000 | H15: 8 | I15: Nej | J15: Ja | K15: =IF(D15="","",SUMIF($Q$7:$Q$126,D15,$AD$7:$AD$126)) -> 28000 | L15: =IF(D15="","",SUMIF($Q$7:$Q$126,D15,$Y$7:$Y$126)) -> 8 | M15: =IF(D15="","",IF(J15="Ja",K15,G15)) -> 28000 | N15: =IF(D15="","",IF(J15="Ja",L15,H15)) -> 8 | O15: STI 0,50. TESTSTARTVÄRDE. | Q15: sti:060 | R15: START-060 | S15: Startmaterial / ersätt med verklig delkalkyl | T15: 1 | U15: paket | V15: 28930.435 | W15: =IF(OR(T15="",V15=""),0,T15*V15) -> 28930.435 | X15: 12 | Y15: =IF(OR(T15="",X15=""),0,T15*X15) -> 12 | Z15: =IF(Inställningar!$B$5="",0,Inställningar!$B$5) -> 850 | AA15: =Y15*Z15 -> 10200 | AB15: 0 | AC15: =IF(Inställningar!$B$6="",0,Inställningar!$B$6) -> 0.15 | AD15: =ROUND((W15+AA15+IF(AB15="",0,AB15))*(1+AC15),0) -> 45000 | AE15: TESTSTARTVÄRDE. Generisk startfördelning för test; byt mot verkliga komponenter.
A16: Ja | B16: sti | C16: 060 | D16: sti:060 | E16: STI och inmätning | F16: Fast | G16: 45000 | H16: 12 | I16: Nej | J16: Ja | K16: =IF(D16="","",SUMIF($Q$7:$Q$126,D16,$AD$7:$AD$126)) -> 45000 | L16: =IF(D16="","",SUMIF($Q$7:$Q$126,D16,$Y$7:$Y$126)) -> 12 | M16: =IF(D16="","",IF(J16="Ja",K16,G16)) -> 45000 | N16: =IF(D16="","",IF(J16="Ja",L16,H16)) -> 12 | O16: STI 0,60. TESTSTARTVÄRDE. | Q16: unit:handMic | R16: START-handMic | S16: Startmaterial / ersätt med verklig delkalkyl | T16: 1 | U16: paket | V16: 6705.4348 | W16: =IF(OR(T16="",V16=""),0,T16*V16) -> 6705.4348 | X16: 0.5 | Y16: =IF(OR(T16="",X16=""),0,T16*X16) -> 0.5 | Z16: =IF(Inställningar!$B$5="",0,Inställningar!$B$5) -> 850 | AA16: =Y16*Z16 -> 425 | AB16: 0 | AC16: =IF(Inställningar!$B$6="",0,Inställningar!$B$6) -> 0.15 | AD16: =ROUND((W16+AA16+IF(AB16="",0,AB16))*(1+AC16),0) -> 8200 | AE16: TESTSTARTVÄRDE. Generisk startfördelning för test; byt mot verkliga komponenter.
A17: Ja | B17: unit | C17: handMic | D17: unit:handMic | E17: Mikrofoner och anslutning | F17: Enhet | G17: 8200 | H17: 0.5 | I17: Nej | J17: Ja | K17: =IF(D17="","",SUMIF($Q$7:$Q$126,D17,$AD$7:$AD$126)) -> 8200 | L17: =IF(D17="","",SUMIF($Q$7:$Q$126,D17,$Y$7:$Y$126)) -> 0.5 | M17: =IF(D17="","",IF(J17="Ja",K17,G17)) -> 8200 | N17: =IF(D17="","",IF(J17="Ja",L17,H17)) -> 0.5 | O17: Trådlös handmikrofon. TESTSTARTVÄRDE. | Q17: unit:headset | R17: START-headset | S17: Startmaterial / ersätt med verklig delkalkyl | T17: 1 | U17: paket | V17: 7835.8696 | W17: =IF(OR(T17="",V17=""),0,T17*V17) -> 7835.8696 | X17: 0.5 | Y17: =IF(OR(T17="",X17=""),0,T17*X17) -> 0.5 | Z17: =IF(Inställningar!$B$5="",0,Inställningar!$B$5) -> 850 | AA17: =Y17*Z17 -> 425 | AB17: 0 | AC17: =IF(Inställningar!$B$6="",0,Inställningar!$B$6) -> 0.15 | AD17: =ROUND((W17+AA17+IF(AB17="",0,AB17))*(1+AC17),0) -> 9500 | AE17: TESTSTARTVÄRDE. Generisk startfördelning för test; byt mot verkliga komponenter.
A18: Ja | B18: unit | C18: headset | D18: unit:headset | E18: Mikrofoner och anslutning | F18: Enhet | G18: 9500 | H18: 0.5 | I18: Nej | J18: Ja | K18: =IF(D18="","",SUMIF($Q$7:$Q$126,D18,$AD$7:$AD$126)) -> 9500 | L18: =IF(D18="","",SUMIF($Q$7:$Q$126,D18,$Y$7:$Y$126)) -> 0.5 | M18: =IF(D18="","",IF(J18="Ja",K18,G18)) -> 9500 | N18: =IF(D18="","",IF(J18="Ja",L18,H18)) -> 0.5 | O18: Trådlöst headset. TESTSTARTVÄRDE. | Q18: unit:bluetooth | R18: START-bluetooth | S18: Startmaterial / ersätt med verklig delkalkyl | T18: 1 | U18: paket | V18: 3488.0435 | W18: =IF(OR(T18="",V18=""),0,T18*V18) -> 3488.0435 | X18: 0.5 | Y18: =IF(OR(T18="",X18=""),0,T18*X18) -> 0.5 | Z18: =IF(Inställningar!$B$5="",0,Inställningar!$B$5) -> 850 | AA18: =Y18*Z18 -> 425 | AB18: 0 | AC18: =IF(Inställningar!$B$6="",0,Inställningar!$B$6) -> 0.15 | AD18: =ROUND((W18+AA18+IF(AB18="",0,AB18))*(1+AC18),0) -> 4500 | AE18: TESTSTARTVÄRDE. Generisk startfördelning för test; byt mot verkliga komponenter.
... A24: Ja | B24: display | C24: projector | D24: display:projector | E24: Projektor/bild i multihall | F24: Fast | G24: 65000 | H24: 8 | I24: Nej | J24: Ja | K24: =IF(D24="","",SUMIF($Q$7:$Q$126,D24,$AD$7:$AD$126)) -> 65000 | L24: =IF(D24="","",SUMIF($Q$7:$Q$126,D24,$Y$7:$Y$126)) -> 8 | M24: =IF(D24="","",IF(J24="Ja",K24,G24)) -> 65000 | N24: =IF(D24="","",IF(J24="Ja",L24,H24)) -> 8 | O24: Projektor/bildlösning. TESTSTARTVÄRDE. | Q24: checks:documentation | R24: START-documentation | S24: Startmaterial / ersätt med verklig delkalkyl | T24: 1 | U24: paket | V24: 8773.913 | W24: =IF(OR(T24="",V24=""),0,T24*V24) -> 8773.913 | X24: 4 | Y24: =IF(OR(T24="",X24=""),0,T24*X24) -> 4 | Z24: =IF(Inställningar!$B$5="",0,Inställningar!$B$5) -> 850 | AA24: =Y24*Z24 -> 3400 | AB24: 0 | AC24: =IF(Inställningar!$B$6="",0,Inställningar!$B$6) -> 0.15 | AD24: =ROUND((W24+AA24+IF(AB24="",0,AB24))*(1+AC24),0) -> 14000 | AE24: TESTSTARTVÄRDE. Generisk startfördelning för test; byt mot verkliga komponenter.
A25: Ja | B25: checks | C25: documentation | D25: checks:documentation | E25: Relationshandling och dokumentation | F25: Fast | G25: 14000 | H25: 4 | I25: Nej | J25: Ja | K25: =IF(D25="","",SUMIF($Q$7:$Q$126,D25,$AD$7:$AD$126)) -> 14000 | L25: =IF(D25="","",SUMIF($Q$7:$Q$126,D25,$Y$7:$Y$126)) -> 4 | M25: =IF(D25="","",IF(J25="Ja",K25,G25)) -> 14000 | N25: =IF(D25="","",IF(J25="Ja",L25,H25)) -> 4 | O25: TESTSTARTVÄRDE. | W25: =IF(OR(T25="",V25=""),0,T25*V25) -> 0 | Y25: =IF(OR(T25="",X25=""),0,T25*X25) -> 0 | Z25: =IF(Inställningar!$B$5="",0,Inställningar!$B$5) -> 850 | AA25: =Y25*Z25 -> 0 | AC25: =IF(Inställningar!$B$6="",0,Inställningar!$B$6) -> 0.15 | AD25: =ROUND((W25+AA25+IF(AB25="",0,AB25))*(1+AC25),0) -> 0
A26: Ja | B26: checks | C26: fireAlarm | D26: checks:fireAlarm | E26: Brandlarm tystar ljud | F26: Regel | G26: 0 | H26: 0 | I26: Nej | J26: Nej | K26: =IF(D26="","",SUMIF($Q$7:$Q$126,D26,$AD$7:$AD$126)) -> 0 | L26: =IF(D26="","",SUMIF($Q$7:$Q$126,D26,$Y$7:$Y$126)) -> 0 | M26: =IF(D26="","",IF(J26="Ja",K26,G26)) -> 0 | N26: =IF(D26="","",IF(J26="Ja",L26,H26)) -> 0 | O26: Funktionsregel – inget separat startpris. | W26: =IF(OR(T26="",V26=""),0,T26*V26) -> 0 | Y26: =IF(OR(T26="",X26=""),0,T26*X26) -> 0 | Z26: =IF(Inställningar!$B$5="",0,Inställningar!$B$5) -> 850 | AA26: =Y26*Z26 -> 0 | AC26: =IF(Inställningar!$B$6="",0,Inställningar!$B$6) -> 0.15 | AD26: =ROUND((W26+AA26+IF(AB26="",0,AB26))*(1+AC26),0) -> 0
A27: Ja | B27: checks | C27: quoteSystems | D27: checks:quoteSystems | E27: Talat utrymningslarm | F27: Offert | G27: 0 | H27: 0 | I27: Ja | J27: Nej | K27: =IF(D27="","",SUMIF($Q$7:$Q$126,D27,$AD$7:$AD$126)) -> 0 | L27: =IF(D27="","",SUMIF($Q$7:$Q$126,D27,$Y$7:$Y$126)) -> 0 | M27: =IF(D27="","",IF(J27="Ja",K27,G27)) -> 0 | N27: =IF(D27="","",IF(J27="Ja",L27,H27)) -> 0 | O27: Separat projektering/offert. | W27: =IF(OR(T27="",V27=""),0,T27*V27) -> 0 | Y27: =IF(OR(T27="",X27=""),0,T27*X27) -> 0 | Z27: =IF(Inställningar!$B$5="",0,Inställningar!$B$5) -> 850 | AA27: =Y27*Z27 -> 0 | AC27: =IF(Inställningar!$B$6="",0,Inställningar!$B$6) -> 0.15 | AD27: =ROUND((W27+AA27+IF(AB27="",0,AB27))*(1+AC27),0) -> 0
A28: Ja | B28: checks | C28: warranty5 | D28: checks:warranty5 | E28: Garanti och materialhantering | F28: Procent | G28: 0 | H28: 0 | I28: Nej | J28: Nej | K28: =IF(D28="","",SUMIF($Q$7:$Q$126,D28,$AD$7:$AD$126)) -> 0 | L28: =IF(D28="","",SUMIF($Q$7:$Q$126,D28,$Y$7:$Y$126)) -> 0 | M28: =IF(D28="","",IF(J28="Ja",K28,G28)) -> 0 | N28: =IF(D28="","",IF(J28="Ja",L28,H28)) -> 0 | O28: 10 % på subtotal som testregel. | W28: =IF(OR(T28="",V28=""),0,T28*V28) -> 0 | Y28: =IF(OR(T28="",X28=""),0,T28*X28) -> 0 | Z28: =IF(Inställningar!$B$5="",0,Inställningar!$B$5) -> 850 | AA28: =Y28*Z28 -> 0 | AC28: =IF(Inställningar!$B$6="",0,Inställningar!$B$6) -> 0.15 | AD28: =ROUND((W28+AA28+IF(AB28="",0,AB28))*(1+AC28),0) -> 0
A29: Nej | I29: Nej | J29: Nej | K29: =IF(D29="","",SUMIF($Q$7:$Q$126,D29,$AD$7:$AD$126)) | L29: =IF(D29="","",SUMIF($Q$7:$Q$126,D29,$Y$7:$Y$126)) | M29: =IF(D29="","",IF(J29="Ja",K29,G29)) | N29: =IF(D29="","",IF(J29="Ja",L29,H29)) | W29: =IF(OR(T29="",V29=""),0,T29*V29) -> 0 | Y29: =IF(OR(T29="",X29=""),0,T29*X29) -> 0 | Z29: =IF(Inställningar!$B$5="",0,Inställningar!$B$5) -> 850 | AA29: =Y29*Z29 -> 0 | AC29: =IF(Inställningar!$B$6="",0,Inställningar!$B$6) -> 0.15 | AD29: =ROUND((W29+AA29+IF(AB29="",0,AB29))*(1+AC29),0) -> 0
A30: Nej | I30: Nej | J30: Nej | K30: =IF(D30="","",SUMIF($Q$7:$Q$126,D30,$AD$7:$AD$126)) | L30: =IF(D30="","",SUMIF($Q$7:$Q$126,D30,$Y$7:$Y$126)) | M30: =IF(D30="","",IF(J30="Ja",K30,G30)) | N30: =IF(D30="","",IF(J30="Ja",L30,H30)) | W30: =IF(OR(T30="",V30=""),0,T30*V30) -> 0 | Y30: =IF(OR(T30="",X30=""),0,T30*X30) -> 0 | Z30: =IF(Inställningar!$B$5="",0,Inställningar!$B$5) -> 850 | AA30: =Y30*Z30 -> 0 | AC30: =IF(Inställningar!$B$6="",0,Inställningar!$B$6) -> 0.15 | AD30: =ROUND((W30+AA30+IF(AB30="",0,AB30))*(1+AC30),0) -> 0
A31: Nej | I31: Nej | J31: Nej | K31: =IF(D31="","",SUMIF($Q$7:$Q$126,D31,$AD$7:$AD$126)) | L31: =IF(D31="","",SUMIF($Q$7:$Q$126,D31,$Y$7:$Y$126)) | M31: =IF(D31="","",IF(J31="Ja",K31,G31)) | N31: =IF(D31="","",IF(J31="Ja",L31,H31)) | W31: =IF(OR(T31="",V31=""),0,T31*V31) -> 0 | Y31: =IF(OR(T31="",X31=""),0,T31*X31) -> 0 | Z31: =IF(Inställningar!$B$5="",0,Inställningar!$B$5) -> 850 | AA31: =Y31*Z31 -> 0 | AC31: =IF(Inställningar!$B$6="",0,Inställningar!$B$6) -> 0.15 | AD31: =ROUND((W31+AA31+IF(AB31="",0,AB31))*(1+AC31),0) -> 0
A32: Nej | I32: Nej | J32: Nej | K32: =IF(D32="","",SUMIF($Q$7:$Q$126,D32,$AD$7:$AD$126)) | L32: =IF(D32="","",SUMIF($Q$7:$Q$126,D32,$Y$7:$Y$126)) | M32: =IF(D32="","",IF(J32="Ja",K32,G32)) | N32: =IF(D32="","",IF(J32="Ja",L32,H32)) | W32: =IF(OR(T32="",V32=""),0,T32*V32) -> 0 | Y32: =IF(OR(T32="",X32=""),0,T32*X32) -> 0 | Z32: =IF(Inställningar!$B$5="",0,Inställningar!$B$5) -> 850 | AA32: =Y32*Z32 -> 0 | AC32: =IF(Inställningar!$B$6="",0,Inställningar!$B$6) -> 0.15 | AD32: =ROUND((W32+AA32+IF(AB32="",0,AB32))*(1+AC32),0) -> 0
A33: Nej | I33: Nej | J33: Nej | K33: =IF(D33="","",SUMIF($Q$7:$Q$126,D33,$AD$7:$AD$126)) | L33: =IF(D33="","",SUMIF($Q$7:$Q$126,D33,$Y$7:$Y$126)) | M33: =IF(D33="","",IF(J33="Ja",K33,G33)) | N33: =IF(D33="","",IF(J33="Ja",L33,H33)) | W33: =IF(OR(T33="",V33=""),0,T33*V33) -> 0 | Y33: =IF(OR(T33="",X33=""),0,T33*X33) -> 0 | Z33: =IF(Inställningar!$B$5="",0,Inställningar!$B$5) -> 850 | AA33: =Y33*Z33 -> 0 | AC33: =IF(Inställningar!$B$6="",0,Inställningar!$B$6) -> 0.15 | AD33: =ROUND((W33+AA33+IF(AB33="",0,AB33))*(1+AC33),0) -> 0
A34: Nej | I34: Nej | J34: Nej | K34: =IF(D34="","",SUMIF($Q$7:$Q$126,D34,$AD$7:$AD$126)) | L34: =IF(D34="","",SUMIF($Q$7:$Q$126,D34,$Y$7:$Y$126)) | M34: =IF(D34="","",IF(J34="Ja",K34,G34)) | N34: =IF(D34="","",IF(J34="Ja",L34,H34)) | W34: =IF(OR(T34="",V34=""),0,T34*V34) -> 0 | Y34: =IF(OR(T34="",X34=""),0,T34*X34) -> 0 | Z34: =IF(Inställningar!$B$5="",0,Inställningar!$B$5) -> 850 | AA34: =Y34*Z34 -> 0 | AC34: =IF(Inställningar!$B$6="",0,Inställningar!$B$6) -> 0.15 | AD34: =ROUND((W34+AA34+IF(AB34="",0,AB34))*(1+AC34),0) -> 0
A35: Nej | I35: Nej | J35: Nej | K35: =IF(D35="","",SUMIF($Q$7:$Q$126,D35,$AD$7:$AD$126)) | L35: =IF(D35="","",SUMIF($Q$7:$Q$126,D35,$Y$7:$Y$126)) | M35: =IF(D35="","",IF(J35="Ja",K35,G35)) | N35: =IF(D35="","",IF(J35="Ja",L35,H35)) | W35: =IF(OR(T35="",V35=""),0,T35*V35) -> 0 | Y35: =IF(OR(T35="",X35=""),0,T35*X35) -> 0 | Z35: =IF(Inställningar!$B$5="",0,Inställningar!$B$5) -> 850 | AA35: =Y35*Z35 -> 0 | AC35: =IF(Inställningar!$B$6="",0,Inställningar!$B$6) -> 0.15 | AD35: =ROUND((W35+AA35+IF(AB35="",0,AB35))*(1+AC35),0) -> 0
A36: Nej | I36: Nej | J36: Nej | K36: =IF(D36="","",SUMIF($Q$7:$Q$126,D36,$AD$7:$AD$126)) | L36: =IF(D36="","",SUMIF($Q$7:$Q$126,D36,$Y$7:$Y$126)) | M36: =IF(D36="","",IF(J36="Ja",K36,G36)) | N36: =IF(D36="","",IF(J36="Ja",L36,H36)) | W36: =IF(OR(T36="",V36=""),0,T36*V36) -> 0 | Y36: =IF(OR(T36="",X36=""),0,T36*X36) -> 0 | Z36: =IF(Inställningar!$B$5="",0,Inställningar!$B$5) -> 850 | AA36: =Y36*Z36 -> 0 | AC36: =IF(Inställningar!$B$6="",0,Inställningar!$B$6) -> 0.15 | AD36: =ROUND((W36+AA36+IF(AB36="",0,AB36))*(1+AC36),0) -> 0
A37: Nej | I37: Nej | J37: Nej | K37: =IF(D37="","",SUMIF($Q$7:$Q$126,D37,$AD$7:$AD$126)) | L37: =IF(D37="","",SUMIF($Q$7:$Q$126,D37,$Y$7:$Y$126)) | M37: =IF(D37="","",IF(J37="Ja",K37,G37)) | N37: =IF(D37="","",IF(J37="Ja",L37,H37)) | W37: =IF(OR(T37="",V37=""),0,T37*V37) -> 0 | Y37: =IF(OR(T37="",X37=""),0,T37*X37) -> 0 | Z37: =IF(Inställningar!$B$5="",0,Inställningar!$B$5) -> 850 | AA37: =Y37*Z37 -> 0 | AC37: =IF(Inställningar!$B$6="",0,Inställningar!$B$6) -> 0.15 | AD37: =ROUND((W37+AA37+IF(AB37="",0,AB37))*(1+AC37),0) -> 0
A38: Nej | I38: Nej | J38: Nej | K38: =IF(D38="","",SUMIF($Q$7:$Q$126,D38,$AD$7:$AD$126)) | L38: =IF(D38="","",SUMIF($Q$7:$Q$126,D38,$Y$7:$Y$126)) | M38: =IF(D38="","",IF(J38="Ja",K38,G38)) | N38: =IF(D38="","",IF(J38="Ja",L38,H38)) | W38: =IF(OR(T38="",V38=""),0,T38*V38) -> 0 | Y38: =IF(OR(T38="",X38=""),0,T38*X38) -> 0 | Z38: =IF(Inställningar!$B$5="",0,Inställningar!$B$5) -> 850 | AA38: =Y38*Z38 -> 0 | AC38: =IF(Inställningar!$B$6="",0,Inställningar!$B$6) -> 0.15 | AD38: =ROUND((W38+AA38+IF(AB38="",0,AB38))*(1+AC38),0) -> 0
A39: Nej | I39: Nej | J39: Nej | K39: =IF(D39="","",SUMIF($Q$7:$Q$126,D39,$AD$7:$AD$126)) | L39: =IF(D39="","",SUMIF($Q$7:$Q$126,D39,$Y$7:$Y$126)) | M39: =IF(D39="","",IF(J39="Ja",K39,G39)) | N39: =IF(D39="","",IF(J39="Ja",L39,H39)) | W39: =IF(OR(T39="",V39=""),0,T39*V39) -> 0 | Y39: =IF(OR(T39="",X39=""),0,T39*X39) -> 0 | Z39: =IF(Inställningar!$B$5="",0,Inställningar!$B$5) -> 850 | AA39: =Y39*Z39 -> 0 | AC39: =IF(Inställningar!$B$6="",0,Inställningar!$B$6) -> 0.15 | AD39: =ROUND((W39+AA39+IF(AB39="",0,AB39))*(1+AC39),0) -> 0
A40: Nej | I40: Nej | J40: Nej | K40: =IF(D40="","",SUMIF($Q$7:$Q$126,D40,$AD$7:$AD$126)) | L40: =IF(D40="","",SUMIF($Q$7:$Q$126,D40,$Y$7:$Y$126)) | M40: =IF(D40="","",IF(J40="Ja",K40,G40)) | N40: =IF(D40="","",IF(J40="Ja",L40,H40)) | W40: =IF(OR(T40="",V40=""),0,T40*V40) -> 0 | Y40: =IF(OR(T40="",X40=""),0,T40*X40) -> 0 | Z40: =IF(Inställningar!$B$5="",0,Inställningar!$B$5) -> 850 | AA40: =Y40*Z40 -> 0 | AC40: =IF(Inställningar!$B$6="",0,Inställningar!$B$6) -> 0.15 | AD40: =ROUND((W40+AA40+IF(AB40="",0,AB40))*(1+AC40),0) -> 0
... A51: Nej | I51: Nej | J51: Nej | K51: =IF(D51="","",SUMIF($Q$7:$Q$126,D51,$AD$7:$AD$126)) | L51: =IF(D51="","",SUMIF($Q$7:$Q$126,D51,$Y$7:$Y$126)) | M51: =IF(D51="","",IF(J51="Ja",K51,G51)) | N51: =IF(D51="","",IF(J51="Ja",L51,H51)) | W51: =IF(OR(T51="",V51=""),0,T51*V51) -> 0 | Y51: =IF(OR(T51="",X51=""),0,T51*X51) -> 0 | Z51: =IF(Inställningar!$B$5="",0,Inställningar!$B$5) -> 850 | AA51: =Y51*Z51 -> 0 | AC51: =IF(Inställningar!$B$6="",0,Inställningar!$B$6) -> 0.15 | AD51: =ROUND((W51+AA51+IF(AB51="",0,AB51))*(1+AC51),0) -> 0
W52: =IF(OR(T52="",V52=""),0,T52*V52) -> 0 | Y52: =IF(OR(T52="",X52=""),0,T52*X52) -> 0 | Z52: =IF(Inställningar!$B$5="",0,Inställningar!$B$5) -> 850 | AA52: =Y52*Z52 -> 0 | AC52: =IF(Inställningar!$B$6="",0,Inställningar!$B$6) -> 0.15 | AD52: =ROUND((W52+AA52+IF(AB52="",0,AB52))*(1+AC52),0) -> 0
W53: =IF(OR(T53="",V53=""),0,T53*V53) -> 0 | Y53: =IF(OR(T53="",X53=""),0,T53*X53) -> 0 | Z53: =IF(Inställningar!$B$5="",0,Inställningar!$B$5) -> 850 | AA53: =Y53*Z53 -> 0 | AC53: =IF(Inställningar!$B$6="",0,Inställningar!$B$6) -> 0.15 | AD53: =ROUND((W53+AA53+IF(AB53="",0,AB53))*(1+AC53),0) -> 0
W54: =IF(OR(T54="",V54=""),0,T54*V54) -> 0 | Y54: =IF(OR(T54="",X54=""),0,T54*X54) -> 0 | Z54: =IF(Inställningar!$B$5="",0,Inställningar!$B$5) -> 850 | AA54: =Y54*Z54 -> 0 | AC54: =IF(Inställningar!$B$6="",0,Inställningar!$B$6) -> 0.15 | AD54: =ROUND((W54+AA54+IF(AB54="",0,AB54))*(1+AC54),0) -> 0
W55: =IF(OR(T55="",V55=""),0,T55*V55) -> 0 | Y55: =IF(OR(T55="",X55=""),0,T55*X55) -> 0 | Z55: =IF(Inställningar!$B$5="",0,Inställningar!$B$5) -> 850 | AA55: =Y55*Z55 -> 0 | AC55: =IF(Inställningar!$B$6="",0,Inställningar!$B$6) -> 0.15 | AD55: =ROUND((W55+AA55+IF(AB55="",0,AB55))*(1+AC55),0) -> 0
W56: =IF(OR(T56="",V56=""),0,T56*V56) -> 0 | Y56: =IF(OR(T56="",X56=""),0,T56*X56) -> 0 | Z56: =IF(Inställningar!$B$5="",0,Inställningar!$B$5) -> 850 | AA56: =Y56*Z56 -> 0 | AC56: =IF(Inställningar!$B$6="",0,Inställningar!$B$6) -> 0.15 | AD56: =ROUND((W56+AA56+IF(AB56="",0,AB56))*(1+AC56),0) -> 0
W57: =IF(OR(T57="",V57=""),0,T57*V57) -> 0 | Y57: =IF(OR(T57="",X57=""),0,T57*X57) -> 0 | Z57: =IF(Inställningar!$B$5="",0,Inställningar!$B$5) -> 850 | AA57: =Y57*Z57 -> 0 | AC57: =IF(Inställningar!$B$6="",0,Inställningar!$B$6) -> 0.15 | AD57: =ROUND((W57+AA57+IF(AB57="",0,AB57))*(1+AC57),0) -> 0
W58: =IF(OR(T58="",V58=""),0,T58*V58) -> 0 | Y58: =IF(OR(T58="",X58=""),0,T58*X58) -> 0 | Z58: =IF(Inställningar!$B$5="",0,Inställningar!$B$5) -> 850 | AA58: =Y58*Z58 -> 0 | AC58: =IF(Inställningar!$B$6="",0,Inställningar!$B$6) -> 0.15 | AD58: =ROUND((W58+AA58+IF(AB58="",0,AB58))*(1+AC58),0) -> 0
W59: =IF(OR(T59="",V59=""),0,T59*V59) -> 0 | Y59: =IF(OR(T59="",X59=""),0,T59*X59) -> 0 | Z59: =IF(Inställningar!$B$5="",0,Inställningar!$B$5) -> 850 | AA59: =Y59*Z59 -> 0 | AC59: =IF(Inställningar!$B$6="",0,Inställningar!$B$6) -> 0.15 | AD59: =ROUND((W59+AA59+IF(AB59="",0,AB59))*(1+AC59),0) -> 0
W60: =IF(OR(T60="",V60=""),0,T60*V60) -> 0 | Y60: =IF(OR(T60="",X60=""),0,T60*X60) -> 0 | Z60: =IF(Inställningar!$B$5="",0,Inställningar!$B$5) -> 850 | AA60: =Y60*Z60 -> 0 | AC60: =IF(Inställningar!$B$6="",0,Inställningar!$B$6) -> 0.15 | AD60: =ROUND((W60+AA60+IF(AB60="",0,AB60))*(1+AC60),0) -> 0
W61: =IF(OR(T61="",V61=""),0,T61*V61) -> 0 | Y61: =IF(OR(T61="",X61=""),0,T61*X61) -> 0 | Z61: =IF(Inställningar!$B$5="",0,Inställningar!$B$5) -> 850 | AA61: =Y61*Z61 -> 0 | AC61: =IF(Inställningar!$B$6="",0,Inställningar!$B$6) -> 0.15 | AD61: =ROUND((W61+AA61+IF(AB61="",0,AB61))*(1+AC61),0) -> 0
W62: =IF(OR(T62="",V62=""),0,T62*V62) -> 0 | Y62: =IF(OR(T62="",X62=""),0,T62*X62) -> 0 | Z62: =IF(Inställningar!$B$5="",0,Inställningar!$B$5) -> 850 | AA62: =Y62*Z62 -> 0 | AC62: =IF(Inställningar!$B$6="",0,Inställningar!$B$6) -> 0.15 | AD62: =ROUND((W62+AA62+IF(AB62="",0,AB62))*(1+AC62),0) -> 0
W63: =IF(OR(T63="",V63=""),0,T63*V63) -> 0 | Y63: =IF(OR(T63="",X63=""),0,T63*X63) -> 0 | Z63: =IF(Inställningar!$B$5="",0,Inställningar!$B$5) -> 850 | AA63: =Y63*Z63 -> 0 | AC63: =IF(Inställningar!$B$6="",0,Inställningar!$B$6) -> 0.15 | AD63: =ROUND((W63+AA63+IF(AB63="",0,AB63))*(1+AC63),0) -> 0
... W126: =IF(OR(T126="",V126=""),0,T126*V126) -> 0 | Y126: =IF(OR(T126="",X126=""),0,T126*X126) -> 0 | Z126: =IF(Inställningar!$B$5="",0,Inställningar!$B$5) -> 850 | AA126: =Y126*Z126 -> 0 | AC126: =IF(Inställningar!$B$6="",0,Inställningar!$B$6) -> 0.15 | AD126: =ROUND((W126+AA126+IF(AB126="",0,AB126))*(1+AC126),0) -> 0

Sheet Konferens
A1: Konferens – kalkylmaster
A3: TESTSTART – värden är inlagda för provkörning och är inte skarpa offerter. Byt dem innan publicering. Vänster: webbpaket. Höger: interna startdelar.
A6: Publicera | B6: Grupp | C6: Nyckel | D6: Paket-ID | E6: Visningsnamn | F6: Typ | G6: Nuvarande webbpris | H6: Nuvarande timmar | I6: Offert? | J6: Använd intern kalkyl? | K6: Internt kalkylpris | L6: Interna timmar | M6: Exportpris | N6: Exporttimmar | O6: Notering | Q6: Paket-ID | R6: Del-ID | S6: Benämning | T6: Antal | U6: Enhet | V6: Inköpspris/st | W6: Material | X6: Arbete h/st | Y6: Timmar | Z6: Timpris | AA6: Arbete | AB6: Övrigt | AC6: Påslag % | AD6: Budgetpris | AE6: Kommentar
A7: Ja | B7: roomType | C7: small | D7: roomType:small | E7: Rumstyp och grundlogik | F7: Fast | G7: 0 | H7: 0 | I7: Nej | J7: Nej | K7: =IF(D7="","",SUMIF($Q$7:$Q$126,D7,$AD$7:$AD$126)) -> 0 | L7: =IF(D7="","",SUMIF($Q$7:$Q$126,D7,$Y$7:$Y$126)) -> 0 | M7: =IF(D7="","",IF(J7="Ja",K7,G7)) -> 0 | N7: =IF(D7="","",IF(J7="Ja",L7,H7)) -> 0 | O7: Mindre mötesrum. TESTSTARTVÄRDE. | Q7: roomType:medium | R7: START-medium | S7: Startmaterial / ersätt med verklig delkalkyl | T7: 1 | U7: paket | V7: 11343.478 | W7: =IF(OR(T7="",V7=""),0,T7*V7) -> 11343.478 | X7: 2 | Y7: =IF(OR(T7="",X7=""),0,T7*X7) -> 2 | Z7: =IF(Inställningar!$B$5="",0,Inställningar!$B$5) -> 850 | AA7: =Y7*Z7 -> 1700 | AB7: 0 | AC7: =IF(Inställningar!$B$6="",0,Inställningar!$B$6) -> 0.15 | AD7: =ROUND((W7+AA7+IF(AB7="",0,AB7))*(1+AC7),0) -> 15000 | AE7: TESTSTARTVÄRDE. Generisk startfördelning för test; byt mot verkliga komponenter.
A8: Ja | B8: roomType | C8: medium | D8: roomType:medium | E8: Rumstyp och grundlogik | F8: Fast | G8: 15000 | H8: 2 | I8: Nej | J8: Ja | K8: =IF(D8="","",SUMIF($Q$7:$Q$126,D8,$AD$7:$AD$126)) -> 15000 | L8: =IF(D8="","",SUMIF($Q$7:$Q$126,D8,$Y$7:$Y$126)) -> 2 | M8: =IF(D8="","",IF(J8="Ja",K8,G8)) -> 15000 | N8: =IF(D8="","",IF(J8="Ja",L8,H8)) -> 2 | O8: Mellanstort konferensrum. TESTSTARTVÄRDE. | Q8: roomType:large | R8: START-large | S8: Startmaterial / ersätt med verklig delkalkyl | T8: 1 | U8: paket | V8: 22686.957 | W8: =IF(OR(T8="",V8=""),0,T8*V8) -> 22686.957 | X8: 4 | Y8: =IF(OR(T8="",X8=""),0,T8*X8) -> 4 | Z8: =IF(Inställningar!$B$5="",0,Inställningar!$B$5) -> 850 | AA8: =Y8*Z8 -> 3400 | AB8: 0 | AC8: =IF(Inställningar!$B$6="",0,Inställningar!$B$6) -> 0.15 | AD8: =ROUND((W8+AA8+IF(AB8="",0,AB8))*(1+AC8),0) -> 30000 | AE8: TESTSTARTVÄRDE. Generisk startfördelning för test; byt mot verkliga komponenter.
A9: Ja | B9: roomType | C9: large | D9: roomType:large | E9: Rumstyp och grundlogik | F9: Fast | G9: 30000 | H9: 4 | I9: Nej | J9: Ja | K9: =IF(D9="","",SUMIF($Q$7:$Q$126,D9,$AD$7:$AD$126)) -> 30000 | L9: =IF(D9="","",SUMIF($Q$7:$Q$126,D9,$Y$7:$Y$126)) -> 4 | M9: =IF(D9="","",IF(J9="Ja",K9,G9)) -> 30000 | N9: =IF(D9="","",IF(J9="Ja",L9,H9)) -> 4 | O9: Större konferensrum. TESTSTARTVÄRDE. | Q9: basePackage:byod | R9: START-byod | S9: Startmaterial / ersätt med verklig delkalkyl | T9: 1 | U9: paket | V9: 46321.739 | W9: =IF(OR(T9="",V9=""),0,T9*V9) -> 46321.739 | X9: 12 | Y9: =IF(OR(T9="",X9=""),0,T9*X9) -> 12 | Z9: =IF(Inställningar!$B$5="",0,Inställningar!$B$5) -> 850 | AA9: =Y9*Z9 -> 10200 | AB9: 0 | AC9: =IF(Inställningar!$B$6="",0,Inställningar!$B$6) -> 0.15 | AD9: =ROUND((W9+AA9+IF(AB9="",0,AB9))*(1+AC9),0) -> 65000 | AE9: TESTSTARTVÄRDE. Generisk startfördelning för test; byt mot verkliga komponenter.
A10: Ja | B10: basePackage | C10: byod | D10: basePackage:byod | E10: Konferenspaket BYOD | F10: Fast | G10: 65000 | H10: 12 | I10: Nej | J10: Ja | K10: =IF(D10="","",SUMIF($Q$7:$Q$126,D10,$AD$7:$AD$126)) -> 65000 | L10: =IF(D10="","",SUMIF($Q$7:$Q$126,D10,$Y$7:$Y$126)) -> 12 | M10: =IF(D10="","",IF(J10="Ja",K10,G10)) -> 65000 | N10: =IF(D10="","",IF(J10="Ja",L10,H10)) -> 12 | O10: BYOD, bild, ljud och anslutning. TESTSTARTVÄRDE. | Q10: basePackage:teams | R10: START-teams | S10: Startmaterial / ersätt med verklig delkalkyl | T10: 1 | U10: paket | V10: 84700 | W10: =IF(OR(T10="",V10=""),0,T10*V10) -> 84700 | X10: 18 | Y10: =IF(OR(T10="",X10=""),0,T10*X10) -> 18 | Z10: =IF(Inställningar!$B$5="",0,Inställningar!$B$5) -> 850 | AA10: =Y10*Z10 -> 15300 | AB10: 0 | AC10: =IF(Inställningar!$B$6="",0,Inställningar!$B$6) -> 0.15 | AD10: =ROUND((W10+AA10+IF(AB10="",0,AB10))*(1+AC10),0) -> 115000 | AE10: TESTSTARTVÄRDE. Generisk startfördelning för test; byt mot verkliga komponenter.
A11: Ja | B11: basePackage | C11: teams | D11: basePackage:teams | E11: Teams Room-konferenspaket | F11: Fast | G11: 115000 | H11: 18 | I11: Nej | J11: Ja | K11: =IF(D11="","",SUMIF($Q$7:$Q$126,D11,$AD$7:$AD$126)) -> 115000 | L11: =IF(D11="","",SUMIF($Q$7:$Q$126,D11,$Y$7:$Y$126)) -> 18 | M11: =IF(D11="","",IF(J11="Ja",K11,G11)) -> 115000 | N11: =IF(D11="","",IF(J11="Ja",L11,H11)) -> 18 | O11: Teams Room-startpaket. TESTSTARTVÄRDE. | Q11: display:single | R11: START-single | S11: Startmaterial / ersätt med verklig delkalkyl | T11: 1 | U11: paket | V11: 27034.783 | W11: =IF(OR(T11="",V11=""),0,T11*V11) -> 27034.783 | X11: 4 | Y11: =IF(OR(T11="",X11=""),0,T11*X11) -> 4 | Z11: =IF(Inställningar!$B$5="",0,Inställningar!$B$5) -> 850 | AA11: =Y11*Z11 -> 3400 | AB11: 0 | AC11: =IF(Inställningar!$B$6="",0,Inställningar!$B$6) -> 0.15 | AD11: =ROUND((W11+AA11+IF(AB11="",0,AB11))*(1+AC11),0) -> 35000 | AE11: TESTSTARTVÄRDE. Generisk startfördelning för test; byt mot verkliga komponenter.
A12: Ja | B12: display | C12: single | D12: display:single | E12: Bildvisning | F12: Fast | G12: 35000 | H12: 4 | I12: Nej | J12: Ja | K12: =IF(D12="","",SUMIF($Q$7:$Q$126,D12,$AD$7:$AD$126)) -> 35000 | L12: =IF(D12="","",SUMIF($Q$7:$Q$126,D12,$Y$7:$Y$126)) -> 4 | M12: =IF(D12="","",IF(J12="Ja",K12,G12)) -> 35000 | N12: =IF(D12="","",IF(J12="Ja",L12,H12)) -> 4 | O12: En skärm/projektor. TESTSTARTVÄRDE. | Q12: display:dual | R12: START-dual | S12: Startmaterial / ersätt med verklig delkalkyl | T12: 1 | U12: paket | V12: 51421.739 | W12: =IF(OR(T12="",V12=""),0,T12*V12) -> 51421.739 | X12: 6 | Y12: =IF(OR(T12="",X12=""),0,T12*X12) -> 6 | Z12: =IF(Inställningar!$B$5="",0,Inställningar!$B$5) -> 850 | AA12: =Y12*Z12 -> 5100 | AB12: 0 | AC12: =IF(Inställningar!$B$6="",0,Inställningar!$B$6) -> 0.15 | AD12: =ROUND((W12+AA12+IF(AB12="",0,AB12))*(1+AC12),0) -> 65000 | AE12: TESTSTARTVÄRDE. Generisk startfördelning för test; byt mot verkliga komponenter.
A13: Ja | B13: display | C13: dual | D13: display:dual | E13: Bildvisning | F13: Fast | G13: 65000 | H13: 6 | I13: Nej | J13: Ja | K13: =IF(D13="","",SUMIF($Q$7:$Q$126,D13,$AD$7:$AD$126)) -> 65000 | L13: =IF(D13="","",SUMIF($Q$7:$Q$126,D13,$Y$7:$Y$126)) -> 6 | M13: =IF(D13="","",IF(J13="Ja",K13,G13)) -> 65000 | N13: =IF(D13="","",IF(J13="Ja",L13,H13)) -> 6 | O13: Dubbla bildytor. TESTSTARTVÄRDE. | Q13: audio:ceiling | R13: START-ceiling | S13: Startmaterial / ersätt med verklig delkalkyl | T13: 1 | U13: paket | V13: 19247.826 | W13: =IF(OR(T13="",V13=""),0,T13*V13) -> 19247.826 | X13: 6 | Y13: =IF(OR(T13="",X13=""),0,T13*X13) -> 6 | Z13: =IF(Inställningar!$B$5="",0,Inställningar!$B$5) -> 850 | AA13: =Y13*Z13 -> 5100 | AB13: 0 | AC13: =IF(Inställningar!$B$6="",0,Inställningar!$B$6) -> 0.15 | AD13: =ROUND((W13+AA13+IF(AB13="",0,AB13))*(1+AC13),0) -> 28000 | AE13: TESTSTARTVÄRDE. Generisk startfördelning för test; byt mot verkliga komponenter.
A14: Ja | B14: audio | C14: ceiling | D14: audio:ceiling | E14: Konferensljud | F14: Fast | G14: 28000 | H14: 6 | I14: Nej | J14: Ja | K14: =IF(D14="","",SUMIF($Q$7:$Q$126,D14,$AD$7:$AD$126)) -> 28000 | L14: =IF(D14="","",SUMIF($Q$7:$Q$126,D14,$Y$7:$Y$126)) -> 6 | M14: =IF(D14="","",IF(J14="Ja",K14,G14)) -> 28000 | N14: =IF(D14="","",IF(J14="Ja",L14,H14)) -> 6 | O14: Grundläggande tak-/rumsljud. TESTSTARTVÄRDE. | Q14: audio:premium | R14: START-premium | S14: Startmaterial / ersätt med verklig delkalkyl | T14: 1 | U14: paket | V14: 39326.087 | W14: =IF(OR(T14="",V14=""),0,T14*V14) -> 39326.087 | X14: 10 | Y14: =IF(OR(T14="",X14=""),0,T14*X14) -> 10 | Z14: =IF(Inställningar!$B$5="",0,Inställningar!$B$5) -> 850 | AA14: =Y14*Z14 -> 8500 | AB14: 0 | AC14: =IF(Inställningar!$B$6="",0,Inställningar!$B$6) -> 0.15 | AD14: =ROUND((W14+AA14+IF(AB14="",0,AB14))*(1+AC14),0) -> 55000 | AE14: TESTSTARTVÄRDE. Generisk startfördelning för test; byt mot verkliga komponenter.
A15: Ja | B15: audio | C15: premium | D15: audio:premium | E15: Konferensljud | F15: Fast | G15: 55000 | H15: 10 | I15: Nej | J15: Ja | K15: =IF(D15="","",SUMIF($Q$7:$Q$126,D15,$AD$7:$AD$126)) -> 55000 | L15: =IF(D15="","",SUMIF($Q$7:$Q$126,D15,$Y$7:$Y$126)) -> 10 | M15: =IF(D15="","",IF(J15="Ja",K15,G15)) -> 55000 | N15: =IF(D15="","",IF(J15="Ja",L15,H15)) -> 10 | O15: Utökad ljudbehandling/AEC. TESTSTARTVÄRDE. | Q15: control:simple | R15: START-simple | S15: Startmaterial / ersätt med verklig delkalkyl | T15: 1 | U15: paket | V15: 8734.7826 | W15: =IF(OR(T15="",V15=""),0,T15*V15) -> 8734.7826 | X15: 2 | Y15: =IF(OR(T15="",X15=""),0,T15*X15) -> 2 | Z15: =IF(Inställningar!$B$5="",0,Inställningar!$B$5) -> 850 | AA15: =Y15*Z15 -> 1700 | AB15: 0 | AC15: =IF(Inställningar!$B$6="",0,Inställningar!$B$6) -> 0.15 | AD15: =ROUND((W15+AA15+IF(AB15="",0,AB15))*(1+AC15),0) -> 12000 | AE15: TESTSTARTVÄRDE. Generisk startfördelning för test; byt mot verkliga komponenter.
A16: Ja | B16: control | C16: simple | D16: control:simple | E16: Styrning | F16: Fast | G16: 12000 | H16: 2 | I16: Nej | J16: Ja | K16: =IF(D16="","",SUMIF($Q$7:$Q$126,D16,$AD$7:$AD$126)) -> 12000 | L16: =IF(D16="","",SUMIF($Q$7:$Q$126,D16,$Y$7:$Y$126)) -> 2 | M16: =IF(D16="","",IF(J16="Ja",K16,G16)) -> 12000 | N16: =IF(D16="","",IF(J16="Ja",L16,H16)) -> 2 | O16: Enkel styrning. TESTSTARTVÄRDE. | Q16: control:touch | R16: START-touch | S16: Startmaterial / ersätt med verklig delkalkyl | T16: 1 | U16: paket | V16: 20947.826 | W16: =IF(OR(T16="",V16=""),0,T16*V16) -> 20947.826 | X16: 4 | Y16: =IF(OR(T16="",X16=""),0,T16*X16) -> 4 | Z16: =IF(Inställningar!$B$5="",0,Inställningar!$B$5) -> 850 | AA16: =Y16*Z16 -> 3400 | AB16: 0 | AC16: =IF(Inställningar!$B$6="",0,Inställningar!$B$6) -> 0.15 | AD16: =ROUND((W16+AA16+IF(AB16="",0,AB16))*(1+AC16),0) -> 28000 | AE16: TESTSTARTVÄRDE. Generisk startfördelning för test; byt mot verkliga komponenter.
A17: Ja | B17: control | C17: touch | D17: control:touch | E17: Styrning | F17: Fast | G17: 28000 | H17: 4 | I17: Nej | J17: Ja | K17: =IF(D17="","",SUMIF($Q$7:$Q$126,D17,$AD$7:$AD$126)) -> 28000 | L17: =IF(D17="","",SUMIF($Q$7:$Q$126,D17,$Y$7:$Y$126)) -> 4 | M17: =IF(D17="","",IF(J17="Ja",K17,G17)) -> 28000 | N17: =IF(D17="","",IF(J17="Ja",L17,H17)) -> 4 | O17: Touchstyrning. TESTSTARTVÄRDE. | Q17: camera:standard | R17: START-standard | S17: Startmaterial / ersätt med verklig delkalkyl | T17: 1 | U17: paket | V17: 13952.174 | W17: =IF(OR(T17="",V17=""),0,T17*V17) -> 13952.174 | X17: 2 | Y17: =IF(OR(T17="",X17=""),0,T17*X17) -> 2 | Z17: =IF(Inställningar!$B$5="",0,Inställningar!$B$5) -> 850 | AA17: =Y17*Z17 -> 1700 | AB17: 0 | AC17: =IF(Inställningar!$B$6="",0,Inställningar!$B$6) -> 0.15 | AD17: =ROUND((W17+AA17+IF(AB17="",0,AB17))*(1+AC17),0) -> 18000 | AE17: TESTSTARTVÄRDE. Generisk startfördelning för test; byt mot verkliga komponenter.
A18: Ja | B18: camera | C18: standard | D18: camera:standard | E18: Konferenskamera | F18: Fast | G18: 18000 | H18: 2 | I18: Nej | J18: Ja | K18: =IF(D18="","",SUMIF($Q$7:$Q$126,D18,$AD$7:$AD$126)) -> 18000 | L18: =IF(D18="","",SUMIF($Q$7:$Q$126,D18,$Y$7:$Y$126)) -> 2 | M18: =IF(D18="","",IF(J18="Ja",K18,G18)) -> 18000 | N18: =IF(D18="","",IF(J18="Ja",L18,H18)) -> 2 | O18: Standardkamera. TESTSTARTVÄRDE. | Q18: camera:tracking | R18: START-tracking | S18: Startmaterial / ersätt med verklig delkalkyl | T18: 1 | U18: paket | V18: 33121.739 | W18: =IF(OR(T18="",V18=""),0,T18*V18) -> 33121.739 | X18: 4 | Y18: =IF(OR(T18="",X18=""),0,T18*X18) -> 4 | Z18: =IF(Inställningar!$B$5="",0,Inställningar!$B$5) -> 850 | AA18: =Y18*Z18 -> 3400 | AB18: 0 | AC18: =IF(Inställningar!$B$6="",0,Inställningar!$B$6) -> 0.15 | AD18: =ROUND((W18+AA18+IF(AB18="",0,AB18))*(1+AC18),0) -> 42000 | AE18: TESTSTARTVÄRDE. Generisk startfördelning för test; byt mot verkliga komponenter.
... A23: Ja | B23: accessibility | C23: auracast | D23: accessibility:auracast | E23: Auracast konferensrum | F23: Fast | G23: 24000 | H23: 3 | I23: Nej | J23: Ja | K23: =IF(D23="","",SUMIF($Q$7:$Q$126,D23,$AD$7:$AD$126)) -> 24000 | L23: =IF(D23="","",SUMIF($Q$7:$Q$126,D23,$Y$7:$Y$126)) -> 3 | M23: =IF(D23="","",IF(J23="Ja",K23,G23)) -> 24000 | N23: =IF(D23="","",IF(J23="Ja",L23,H23)) -> 3 | O23: TESTSTARTVÄRDE. | Q23: checks:documentation | R23: START-documentation | S23: Startmaterial / ersätt med verklig delkalkyl | T23: 1 | U23: paket | V23: 6145.6522 | W23: =IF(OR(T23="",V23=""),0,T23*V23) -> 6145.6522 | X23: 3 | Y23: =IF(OR(T23="",X23=""),0,T23*X23) -> 3 | Z23: =IF(Inställningar!$B$5="",0,Inställningar!$B$5) -> 850 | AA23: =Y23*Z23 -> 2550 | AB23: 0 | AC23: =IF(Inställningar!$B$6="",0,Inställningar!$B$6) -> 0.15 | AD23: =ROUND((W23+AA23+IF(AB23="",0,AB23))*(1+AC23),0) -> 10000 | AE23: TESTSTARTVÄRDE. Generisk startfördelning för test; byt mot verkliga komponenter.
A24: Ja | B24: checks | C24: documentation | D24: checks:documentation | E24: Relationshandling och dokumentation | F24: Fast | G24: 10000 | H24: 3 | I24: Nej | J24: Ja | K24: =IF(D24="","",SUMIF($Q$7:$Q$126,D24,$AD$7:$AD$126)) -> 10000 | L24: =IF(D24="","",SUMIF($Q$7:$Q$126,D24,$Y$7:$Y$126)) -> 3 | M24: =IF(D24="","",IF(J24="Ja",K24,G24)) -> 10000 | N24: =IF(D24="","",IF(J24="Ja",L24,H24)) -> 3 | O24: TESTSTARTVÄRDE. | W24: =IF(OR(T24="",V24=""),0,T24*V24) -> 0 | Y24: =IF(OR(T24="",X24=""),0,T24*X24) -> 0 | Z24: =IF(Inställningar!$B$5="",0,Inställningar!$B$5) -> 850 | AA24: =Y24*Z24 -> 0 | AC24: =IF(Inställningar!$B$6="",0,Inställningar!$B$6) -> 0.15 | AD24: =ROUND((W24+AA24+IF(AB24="",0,AB24))*(1+AC24),0) -> 0
A25: Ja | B25: checks | C25: warranty5 | D25: checks:warranty5 | E25: Garanti och materialhantering | F25: Procent | G25: 0 | H25: 0 | I25: Nej | J25: Nej | K25: =IF(D25="","",SUMIF($Q$7:$Q$126,D25,$AD$7:$AD$126)) -> 0 | L25: =IF(D25="","",SUMIF($Q$7:$Q$126,D25,$Y$7:$Y$126)) -> 0 | M25: =IF(D25="","",IF(J25="Ja",K25,G25)) -> 0 | N25: =IF(D25="","",IF(J25="Ja",L25,H25)) -> 0 | O25: 10 % på subtotal som testregel. | W25: =IF(OR(T25="",V25=""),0,T25*V25) -> 0 | Y25: =IF(OR(T25="",X25=""),0,T25*X25) -> 0 | Z25: =IF(Inställningar!$B$5="",0,Inställningar!$B$5) -> 850 | AA25: =Y25*Z25 -> 0 | AC25: =IF(Inställningar!$B$6="",0,Inställningar!$B$6) -> 0.15 | AD25: =ROUND((W25+AA25+IF(AB25="",0,AB25))*(1+AC25),0) -> 0
A26: Nej | I26: Nej | J26: Nej | K26: =IF(D26="","",SUMIF($Q$7:$Q$126,D26,$AD$7:$AD$126)) | L26: =IF(D26="","",SUMIF($Q$7:$Q$126,D26,$Y$7:$Y$126)) | M26: =IF(D26="","",IF(J26="Ja",K26,G26)) | N26: =IF(D26="","",IF(J26="Ja",L26,H26)) | W26: =IF(OR(T26="",V26=""),0,T26*V26) -> 0 | Y26: =IF(OR(T26="",X26=""),0,T26*X26) -> 0 | Z26: =IF(Inställningar!$B$5="",0,Inställningar!$B$5) -> 850 | AA26: =Y26*Z26 -> 0 | AC26: =IF(Inställningar!$B$6="",0,Inställningar!$B$6) -> 0.15 | AD26: =ROUND((W26+AA26+IF(AB26="",0,AB26))*(1+AC26),0) -> 0
A27: Nej | I27: Nej | J27: Nej | K27: =IF(D27="","",SUMIF($Q$7:$Q$126,D27,$AD$7:$AD$126)) | L27: =IF(D27="","",SUMIF($Q$7:$Q$126,D27,$Y$7:$Y$126)) | M27: =IF(D27="","",IF(J27="Ja",K27,G27)) | N27: =IF(D27="","",IF(J27="Ja",L27,H27)) | W27: =IF(OR(T27="",V27=""),0,T27*V27) -> 0 | Y27: =IF(OR(T27="",X27=""),0,T27*X27) -> 0 | Z27: =IF(Inställningar!$B$5="",0,Inställningar!$B$5) -> 850 | AA27: =Y27*Z27 -> 0 | AC27: =IF(Inställningar!$B$6="",0,Inställningar!$B$6) -> 0.15 | AD27: =ROUND((W27+AA27+IF(AB27="",0,AB27))*(1+AC27),0) -> 0
A28: Nej | I28: Nej | J28: Nej | K28: =IF(D28="","",SUMIF($Q$7:$Q$126,D28,$AD$7:$AD$126)) | L28: =IF(D28="","",SUMIF($Q$7:$Q$126,D28,$Y$7:$Y$126)) | M28: =IF(D28="","",IF(J28="Ja",K28,G28)) | N28: =IF(D28="","",IF(J28="Ja",L28,H28)) | W28: =IF(OR(T28="",V28=""),0,T28*V28) -> 0 | Y28: =IF(OR(T28="",X28=""),0,T28*X28) -> 0 | Z28: =IF(Inställningar!$B$5="",0,Inställningar!$B$5) -> 850 | AA28: =Y28*Z28 -> 0 | AC28: =IF(Inställningar!$B$6="",0,Inställningar!$B$6) -> 0.15 | AD28: =ROUND((W28+AA28+IF(AB28="",0,AB28))*(1+AC28),0) -> 0
A29: Nej | I29: Nej | J29: Nej | K29: =IF(D29="","",SUMIF($Q$7:$Q$126,D29,$AD$7:$AD$126)) | L29: =IF(D29="","",SUMIF($Q$7:$Q$126,D29,$Y$7:$Y$126)) | M29: =IF(D29="","",IF(J29="Ja",K29,G29)) | N29: =IF(D29="","",IF(J29="Ja",L29,H29)) | W29: =IF(OR(T29="",V29=""),0,T29*V29) -> 0 | Y29: =IF(OR(T29="",X29=""),0,T29*X29) -> 0 | Z29: =IF(Inställningar!$B$5="",0,Inställningar!$B$5) -> 850 | AA29: =Y29*Z29 -> 0 | AC29: =IF(Inställningar!$B$6="",0,Inställningar!$B$6) -> 0.15 | AD29: =ROUND((W29+AA29+IF(AB29="",0,AB29))*(1+AC29),0) -> 0
A30: Nej | I30: Nej | J30: Nej | K30: =IF(D30="","",SUMIF($Q$7:$Q$126,D30,$AD$7:$AD$126)) | L30: =IF(D30="","",SUMIF($Q$7:$Q$126,D30,$Y$7:$Y$126)) | M30: =IF(D30="","",IF(J30="Ja",K30,G30)) | N30: =IF(D30="","",IF(J30="Ja",L30,H30)) | W30: =IF(OR(T30="",V30=""),0,T30*V30) -> 0 | Y30: =IF(OR(T30="",X30=""),0,T30*X30) -> 0 | Z30: =IF(Inställningar!$B$5="",0,Inställningar!$B$5) -> 850 | AA30: =Y30*Z30 -> 0 | AC30: =IF(Inställningar!$B$6="",0,Inställningar!$B$6) -> 0.15 | AD30: =ROUND((W30+AA30+IF(AB30="",0,AB30))*(1+AC30),0) -> 0
A31: Nej | I31: Nej | J31: Nej | K31: =IF(D31="","",SUMIF($Q$7:$Q$126,D31,$AD$7:$AD$126)) | L31: =IF(D31="","",SUMIF($Q$7:$Q$126,D31,$Y$7:$Y$126)) | M31: =IF(D31="","",IF(J31="Ja",K31,G31)) | N31: =IF(D31="","",IF(J31="Ja",L31,H31)) | W31: =IF(OR(T31="",V31=""),0,T31*V31) -> 0 | Y31: =IF(OR(T31="",X31=""),0,T31*X31) -> 0 | Z31: =IF(Inställningar!$B$5="",0,Inställningar!$B$5) -> 850 | AA31: =Y31*Z31 -> 0 | AC31: =IF(Inställningar!$B$6="",0,Inställningar!$B$6) -> 0.15 | AD31: =ROUND((W31+AA31+IF(AB31="",0,AB31))*(1+AC31),0) -> 0
A32: Nej | I32: Nej | J32: Nej | K32: =IF(D32="","",SUMIF($Q$7:$Q$126,D32,$AD$7:$AD$126)) | L32: =IF(D32="","",SUMIF($Q$7:$Q$126,D32,$Y$7:$Y$126)) | M32: =IF(D32="","",IF(J32="Ja",K32,G32)) | N32: =IF(D32="","",IF(J32="Ja",L32,H32)) | W32: =IF(OR(T32="",V32=""),0,T32*V32) -> 0 | Y32: =IF(OR(T32="",X32=""),0,T32*X32) -> 0 | Z32: =IF(Inställningar!$B$5="",0,Inställningar!$B$5) -> 850 | AA32: =Y32*Z32 -> 0 | AC32: =IF(Inställningar!$B$6="",0,Inställningar!$B$6) -> 0.15 | AD32: =ROUND((W32+AA32+IF(AB32="",0,AB32))*(1+AC32),0) -> 0
A33: Nej | I33: Nej | J33: Nej | K33: =IF(D33="","",SUMIF($Q$7:$Q$126,D33,$AD$7:$AD$126)) | L33: =IF(D33="","",SUMIF($Q$7:$Q$126,D33,$Y$7:$Y$126)) | M33: =IF(D33="","",IF(J33="Ja",K33,G33)) | N33: =IF(D33="","",IF(J33="Ja",L33,H33)) | W33: =IF(OR(T33="",V33=""),0,T33*V33) -> 0 | Y33: =IF(OR(T33="",X33=""),0,T33*X33) -> 0 | Z33: =IF(Inställningar!$B$5="",0,Inställningar!$B$5) -> 850 | AA33: =Y33*Z33 -> 0 | AC33: =IF(Inställningar!$B$6="",0,Inställningar!$B$6) -> 0.15 | AD33: =ROUND((W33+AA33+IF(AB33="",0,AB33))*(1+AC33),0) -> 0
A34: Nej | I34: Nej | J34: Nej | K34: =IF(D34="","",SUMIF($Q$7:$Q$126,D34,$AD$7:$AD$126)) | L34: =IF(D34="","",SUMIF($Q$7:$Q$126,D34,$Y$7:$Y$126)) | M34: =IF(D34="","",IF(J34="Ja",K34,G34)) | N34: =IF(D34="","",IF(J34="Ja",L34,H34)) | W34: =IF(OR(T34="",V34=""),0,T34*V34) -> 0 | Y34: =IF(OR(T34="",X34=""),0,T34*X34) -> 0 | Z34: =IF(Inställningar!$B$5="",0,Inställningar!$B$5) -> 850 | AA34: =Y34*Z34 -> 0 | AC34: =IF(Inställningar!$B$6="",0,Inställningar!$B$6) -> 0.15 | AD34: =ROUND((W34+AA34+IF(AB34="",0,AB34))*(1+AC34),0) -> 0
A35: Nej | I35: Nej | J35: Nej | K35: =IF(D35="","",SUMIF($Q$7:$Q$126,D35,$AD$7:$AD$126)) | L35: =IF(D35="","",SUMIF($Q$7:$Q$126,D35,$Y$7:$Y$126)) | M35: =IF(D35="","",IF(J35="Ja",K35,G35)) | N35: =IF(D35="","",IF(J35="Ja",L35,H35)) | W35: =IF(OR(T35="",V35=""),0,T35*V35) -> 0 | Y35: =IF(OR(T35="",X35=""),0,T35*X35) -> 0 | Z35: =IF(Inställningar!$B$5="",0,Inställningar!$B$5) -> 850 | AA35: =Y35*Z35 -> 0 | AC35: =IF(Inställningar!$B$6="",0,Inställningar!$B$6) -> 0.15 | AD35: =ROUND((W35+AA35+IF(AB35="",0,AB35))*(1+AC35),0) -> 0
A36: Nej | I36: Nej | J36: Nej | K36: =IF(D36="","",SUMIF($Q$7:$Q$126,D36,$AD$7:$AD$126)) | L36: =IF(D36="","",SUMIF($Q$7:$Q$126,D36,$Y$7:$Y$126)) | M36: =IF(D36="","",IF(J36="Ja",K36,G36)) | N36: =IF(D36="","",IF(J36="Ja",L36,H36)) | W36: =IF(OR(T36="",V36=""),0,T36*V36) -> 0 | Y36: =IF(OR(T36="",X36=""),0,T36*X36) -> 0 | Z36: =IF(Inställningar!$B$5="",0,Inställningar!$B$5) -> 850 | AA36: =Y36*Z36 -> 0 | AC36: =IF(Inställningar!$B$6="",0,Inställningar!$B$6) -> 0.15 | AD36: =ROUND((W36+AA36+IF(AB36="",0,AB36))*(1+AC36),0) -> 0
A37: Nej | I37: Nej | J37: Nej | K37: =IF(D37="","",SUMIF($Q$7:$Q$126,D37,$AD$7:$AD$126)) | L37: =IF(D37="","",SUMIF($Q$7:$Q$126,D37,$Y$7:$Y$126)) | M37: =IF(D37="","",IF(J37="Ja",K37,G37)) | N37: =IF(D37="","",IF(J37="Ja",L37,H37)) | W37: =IF(OR(T37="",V37=""),0,T37*V37) -> 0 | Y37: =IF(OR(T37="",X37=""),0,T37*X37) -> 0 | Z37: =IF(Inställningar!$B$5="",0,Inställningar!$B$5) -> 850 | AA37: =Y37*Z37 -> 0 | AC37: =IF(Inställningar!$B$6="",0,Inställningar!$B$6) -> 0.15 | AD37: =ROUND((W37+AA37+IF(AB37="",0,AB37))*(1+AC37),0) -> 0
... A51: Nej | I51: Nej | J51: Nej | K51: =IF(D51="","",SUMIF($Q$7:$Q$126,D51,$AD$7:$AD$126)) | L51: =IF(D51="","",SUMIF($Q$7:$Q$126,D51,$Y$7:$Y$126)) | M51: =IF(D51="","",IF(J51="Ja",K51,G51)) | N51: =IF(D51="","",IF(J51="Ja",L51,H51)) | W51: =IF(OR(T51="",V51=""),0,T51*V51) -> 0 | Y51: =IF(OR(T51="",X51=""),0,T51*X51) -> 0 | Z51: =IF(Inställningar!$B$5="",0,Inställningar!$B$5) -> 850 | AA51: =Y51*Z51 -> 0 | AC51: =IF(Inställningar!$B$6="",0,Inställningar!$B$6) -> 0.15 | AD51: =ROUND((W51+AA51+IF(AB51="",0,AB51))*(1+AC51),0) -> 0
W52: =IF(OR(T52="",V52=""),0,T52*V52) -> 0 | Y52: =IF(OR(T52="",X52=""),0,T52*X52) -> 0 | Z52: =IF(Inställningar!$B$5="",0,Inställningar!$B$5) -> 850 | AA52: =Y52*Z52 -> 0 | AC52: =IF(Inställningar!$B$6="",0,Inställningar!$B$6) -> 0.15 | AD52: =ROUND((W52+AA52+IF(AB52="",0,AB52))*(1+AC52),0) -> 0
W53: =IF(OR(T53="",V53=""),0,T53*V53) -> 0 | Y53: =IF(OR(T53="",X53=""),0,T53*X53) -> 0 | Z53: =IF(Inställningar!$B$5="",0,Inställningar!$B$5) -> 850 | AA53: =Y53*Z53 -> 0 | AC53: =IF(Inställningar!$B$6="",0,Inställningar!$B$6) -> 0.15 | AD53: =ROUND((W53+AA53+IF(AB53="",0,AB53))*(1+AC53),0) -> 0
W54: =IF(OR(T54="",V54=""),0,T54*V54) -> 0 | Y54: =IF(OR(T54="",X54=""),0,T54*X54) -> 0 | Z54: =IF(Inställningar!$B$5="",0,Inställningar!$B$5) -> 850 | AA54: =Y54*Z54 -> 0 | AC54: =IF(Inställningar!$B$6="",0,Inställningar!$B$6) -> 0.15 | AD54: =ROUND((W54+AA54+IF(AB54="",0,AB54))*(1+AC54),0) -> 0
W55: =IF(OR(T55="",V55=""),0,T55*V55) -> 0 | Y55: =IF(OR(T55="",X55=""),0,T55*X55) -> 0 | Z55: =IF(Inställningar!$B$5="",0,Inställningar!$B$5) -> 850 | AA55: =Y55*Z55 -> 0 | AC55: =IF(Inställningar!$B$6="",0,Inställningar!$B$6) -> 0.15 | AD55: =ROUND((W55+AA55+IF(AB55="",0,AB55))*(1+AC55),0) -> 0
W56: =IF(OR(T56="",V56=""),0,T56*V56) -> 0 | Y56: =IF(OR(T56="",X56=""),0,T56*X56) -> 0 | Z56: =IF(Inställningar!$B$5="",0,Inställningar!$B$5) -> 850 | AA56: =Y56*Z56 -> 0 | AC56: =IF(Inställningar!$B$6="",0,Inställningar!$B$6) -> 0.15 | AD56: =ROUND((W56+AA56+IF(AB56="",0,AB56))*(1+AC56),0) -> 0
W57: =IF(OR(T57="",V57=""),0,T57*V57) -> 0 | Y57: =IF(OR(T57="",X57=""),0,T57*X57) -> 0 | Z57: =IF(Inställningar!$B$5="",0,Inställningar!$B$5) -> 850 | AA57: =Y57*Z57 -> 0 | AC57: =IF(Inställningar!$B$6="",0,Inställningar!$B$6) -> 0.15 | AD57: =ROUND((W57+AA57+IF(AB57="",0,AB57))*(1+AC57),0) -> 0
W58: =IF(OR(T58="",V58=""),0,T58*V58) -> 0 | Y58: =IF(OR(T58="",X58=""),0,T58*X58) -> 0 | Z58: =IF(Inställningar!$B$5="",0,Inställningar!$B$5) -> 850 | AA58: =Y58*Z58 -> 0 | AC58: =IF(Inställningar!$B$6="",0,Inställningar!$B$6) -> 0.15 | AD58: =ROUND((W58+AA58+IF(AB58="",0,AB58))*(1+AC58),0) -> 0
W59: =IF(OR(T59="",V59=""),0,T59*V59) -> 0 | Y59: =IF(OR(T59="",X59=""),0,T59*X59) -> 0 | Z59: =IF(Inställningar!$B$5="",0,Inställningar!$B$5) -> 850 | AA59: =Y59*Z59 -> 0 | AC59: =IF(Inställningar!$B$6="",0,Inställningar!$B$6) -> 0.15 | AD59: =ROUND((W59+AA59+IF(AB59="",0,AB59))*(1+AC59),0) -> 0
W60: =IF(OR(T60="",V60=""),0,T60*V60) -> 0 | Y60: =IF(OR(T60="",X60=""),0,T60*X60) -> 0 | Z60: =IF(Inställningar!$B$5="",0,Inställningar!$B$5) -> 850 | AA60: =Y60*Z60 -> 0 | AC60: =IF(Inställningar!$B$6="",0,Inställningar!$B$6) -> 0.15 | AD60: =ROUND((W60+AA60+IF(AB60="",0,AB60))*(1+AC60),0) -> 0
W61: =IF(OR(T61="",V61=""),0,T61*V61) -> 0 | Y61: =IF(OR(T61="",X61=""),0,T61*X61) -> 0 | Z61: =IF(Inställningar!$B$5="",0,Inställningar!$B$5) -> 850 | AA61: =Y61*Z61 -> 0 | AC61: =IF(Inställningar!$B$6="",0,Inställningar!$B$6) -> 0.15 | AD61: =ROUND((W61+AA61+IF(AB61="",0,AB61))*(1+AC61),0) -> 0
W62: =IF(OR(T62="",V62=""),0,T62*V62) -> 0 | Y62: =IF(OR(T62="",X62=""),0,T62*X62) -> 0 | Z62: =IF(Inställningar!$B$5="",0,Inställningar!$B$5) -> 850 | AA62: =Y62*Z62 -> 0 | AC62: =IF(Inställningar!$B$6="",0,Inställningar!$B$6) -> 0.15 | AD62: =ROUND((W62+AA62+IF(AB62="",0,AB62))*(1+AC62),0) -> 0
W63: =IF(OR(T63="",V63=""),0,T63*V63) -> 0 | Y63: =IF(OR(T63="",X63=""),0,T63*X63) -> 0 | Z63: =IF(Inställningar!$B$5="",0,Inställningar!$B$5) -> 850 | AA63: =Y63*Z63 -> 0 | AC63: =IF(Inställningar!$B$6="",0,Inställningar!$B$6) -> 0.15 | AD63: =ROUND((W63+AA63+IF(AB63="",0,AB63))*(1+AC63),0) -> 0
... W126: =IF(OR(T126="",V126=""),0,T126*V126) -> 0 | Y126: =IF(OR(T126="",X126=""),0,T126*X126) -> 0 | Z126: =IF(Inställningar!$B$5="",0,Inställningar!$B$5) -> 850 | AA126: =Y126*Z126 -> 0 | AC126: =IF(Inställningar!$B$6="",0,Inställningar!$B$6) -> 0.15 | AD126: =ROUND((W126+AA126+IF(AB126="",0,AB126))*(1+AC126),0) -> 0

Sheet Restaurang
A1: Restaurang – kalkylmaster
A3: TESTSTART – värden är inlagda för provkörning och är inte skarpa offerter. Byt dem innan publicering. Vänster: webbpaket. Höger: interna startdelar.
A6: Publicera | B6: Grupp | C6: Nyckel | D6: Paket-ID | E6: Visningsnamn | F6: Typ | G6: Nuvarande webbpris | H6: Nuvarande timmar | I6: Offert? | J6: Använd intern kalkyl? | K6: Internt kalkylpris | L6: Interna timmar | M6: Exportpris | N6: Exporttimmar | O6: Notering | Q6: Paket-ID | R6: Del-ID | S6: Benämning | T6: Antal | U6: Enhet | V6: Inköpspris/st | W6: Material | X6: Arbete h/st | Y6: Timmar | Z6: Timpris | AA6: Arbete | AB6: Övrigt | AC6: Påslag % | AD6: Budgetpris | AE6: Kommentar
A7: Ja | B7: venueType | C7: small | D7: venueType:small | E7: Lokaltyp och grundlogik | F7: Fast | G7: 0 | H7: 0 | I7: Nej | J7: Nej | K7: =IF(D7="","",SUMIF($Q$7:$Q$126,D7,$AD$7:$AD$126)) -> 0 | L7: =IF(D7="","",SUMIF($Q$7:$Q$126,D7,$Y$7:$Y$126)) -> 0 | M7: =IF(D7="","",IF(J7="Ja",K7,G7)) -> 0 | N7: =IF(D7="","",IF(J7="Ja",L7,H7)) -> 0 | O7: Mindre restaurang. TESTSTARTVÄRDE. | Q7: venueType:medium | R7: START-medium | S7: Startmaterial / ersätt med verklig delkalkyl | T7: 1 | U7: paket | V7: 8734.7826 | W7: =IF(OR(T7="",V7=""),0,T7*V7) -> 8734.7826 | X7: 2 | Y7: =IF(OR(T7="",X7=""),0,T7*X7) -> 2 | Z7: =IF(Inställningar!$B$5="",0,Inställningar!$B$5) -> 850 | AA7: =Y7*Z7 -> 1700 | AB7: 0 | AC7: =IF(Inställningar!$B$6="",0,Inställningar!$B$6) -> 0.15 | AD7: =ROUND((W7+AA7+IF(AB7="",0,AB7))*(1+AC7),0) -> 12000 | AE7: TESTSTARTVÄRDE. Generisk startfördelning för test; byt mot verkliga komponenter.
A8: Ja | B8: venueType | C8: medium | D8: venueType:medium | E8: Lokaltyp och grundlogik | F8: Fast | G8: 12000 | H8: 2 | I8: Nej | J8: Ja | K8: =IF(D8="","",SUMIF($Q$7:$Q$126,D8,$AD$7:$AD$126)) -> 12000 | L8: =IF(D8="","",SUMIF($Q$7:$Q$126,D8,$Y$7:$Y$126)) -> 2 | M8: =IF(D8="","",IF(J8="Ja",K8,G8)) -> 12000 | N8: =IF(D8="","",IF(J8="Ja",L8,H8)) -> 2 | O8: Mellanstor restaurang. TESTSTARTVÄRDE. | Q8: venueType:large | R8: START-large | S8: Startmaterial / ersätt med verklig delkalkyl | T8: 1 | U8: paket | V8: 18339.13 | W8: =IF(OR(T8="",V8=""),0,T8*V8) -> 18339.13 | X8: 4 | Y8: =IF(OR(T8="",X8=""),0,T8*X8) -> 4 | Z8: =IF(Inställningar!$B$5="",0,Inställningar!$B$5) -> 850 | AA8: =Y8*Z8 -> 3400 | AB8: 0 | AC8: =IF(Inställningar!$B$6="",0,Inställningar!$B$6) -> 0.15 | AD8: =ROUND((W8+AA8+IF(AB8="",0,AB8))*(1+AC8),0) -> 25000 | AE8: TESTSTARTVÄRDE. Generisk startfördelning för test; byt mot verkliga komponenter.
A9: Ja | B9: venueType | C9: large | D9: venueType:large | E9: Lokaltyp och grundlogik | F9: Fast | G9: 25000 | H9: 4 | I9: Nej | J9: Ja | K9: =IF(D9="","",SUMIF($Q$7:$Q$126,D9,$AD$7:$AD$126)) -> 25000 | L9: =IF(D9="","",SUMIF($Q$7:$Q$126,D9,$Y$7:$Y$126)) -> 4 | M9: =IF(D9="","",IF(J9="Ja",K9,G9)) -> 25000 | N9: =IF(D9="","",IF(J9="Ja",L9,H9)) -> 4 | O9: Större restaurang/flera ytor. TESTSTARTVÄRDE. | Q9: basePackage:background | R9: START-background | S9: Startmaterial / ersätt med verklig delkalkyl | T9: 1 | U9: paket | V9: 44621.739 | W9: =IF(OR(T9="",V9=""),0,T9*V9) -> 44621.739 | X9: 14 | Y9: =IF(OR(T9="",X9=""),0,T9*X9) -> 14 | Z9: =IF(Inställningar!$B$5="",0,Inställningar!$B$5) -> 850 | AA9: =Y9*Z9 -> 11900 | AB9: 0 | AC9: =IF(Inställningar!$B$6="",0,Inställningar!$B$6) -> 0.15 | AD9: =ROUND((W9+AA9+IF(AB9="",0,AB9))*(1+AC9),0) -> 65000 | AE9: TESTSTARTVÄRDE. Generisk startfördelning för test; byt mot verkliga komponenter.
A10: Ja | B10: basePackage | C10: background | D10: basePackage:background | E10: Bakgrundsljud | F10: Fast | G10: 65000 | H10: 14 | I10: Nej | J10: Ja | K10: =IF(D10="","",SUMIF($Q$7:$Q$126,D10,$AD$7:$AD$126)) -> 65000 | L10: =IF(D10="","",SUMIF($Q$7:$Q$126,D10,$Y$7:$Y$126)) -> 14 | M10: =IF(D10="","",IF(J10="Ja",K10,G10)) -> 65000 | N10: =IF(D10="","",IF(J10="Ja",L10,H10)) -> 14 | O10: Grundpaket bakgrundsljud. TESTSTARTVÄRDE. | Q10: basePackage:multizone | R10: START-multizone | S10: Startmaterial / ersätt med verklig delkalkyl | T10: 1 | U10: paket | V10: 74304.348 | W10: =IF(OR(T10="",V10=""),0,T10*V10) -> 74304.348 | X10: 20 | Y10: =IF(OR(T10="",X10=""),0,T10*X10) -> 20 | Z10: =IF(Inställningar!$B$5="",0,Inställningar!$B$5) -> 850 | AA10: =Y10*Z10 -> 17000 | AB10: 0 | AC10: =IF(Inställningar!$B$6="",0,Inställningar!$B$6) -> 0.15 | AD10: =ROUND((W10+AA10+IF(AB10="",0,AB10))*(1+AC10),0) -> 105000 | AE10: TESTSTARTVÄRDE. Generisk startfördelning för test; byt mot verkliga komponenter.
A11: Ja | B11: basePackage | C11: multizone | D11: basePackage:multizone | E11: Zonstyrt restaurangljud | F11: Fast | G11: 105000 | H11: 20 | I11: Nej | J11: Ja | K11: =IF(D11="","",SUMIF($Q$7:$Q$126,D11,$AD$7:$AD$126)) -> 105000 | L11: =IF(D11="","",SUMIF($Q$7:$Q$126,D11,$Y$7:$Y$126)) -> 20 | M11: =IF(D11="","",IF(J11="Ja",K11,G11)) -> 105000 | N11: =IF(D11="","",IF(J11="Ja",L11,H11)) -> 20 | O11: Flera ljudzoner. TESTSTARTVÄRDE. | Q11: basePackage:event | R11: START-event | S11: Startmaterial / ersätt med verklig delkalkyl | T11: 1 | U11: paket | V11: 115330.43 | W11: =IF(OR(T11="",V11=""),0,T11*V11) -> 115330.43 | X11: 28 | Y11: =IF(OR(T11="",X11=""),0,T11*X11) -> 28 | Z11: =IF(Inställningar!$B$5="",0,Inställningar!$B$5) -> 850 | AA11: =Y11*Z11 -> 23800 | AB11: 0 | AC11: =IF(Inställningar!$B$6="",0,Inställningar!$B$6) -> 0.15 | AD11: =ROUND((W11+AA11+IF(AB11="",0,AB11))*(1+AC11),0) -> 160000 | AE11: TESTSTARTVÄRDE. Generisk startfördelning för test; byt mot verkliga komponenter.
A12: Ja | B12: basePackage | C12: event | D12: basePackage:event | E12: Restaurang + event/fest | F12: Fast | G12: 160000 | H12: 28 | I12: Nej | J12: Ja | K12: =IF(D12="","",SUMIF($Q$7:$Q$126,D12,$AD$7:$AD$126)) -> 160000 | L12: =IF(D12="","",SUMIF($Q$7:$Q$126,D12,$Y$7:$Y$126)) -> 28 | M12: =IF(D12="","",IF(J12="Ja",K12,G12)) -> 160000 | N12: =IF(D12="","",IF(J12="Ja",L12,H12)) -> 28 | O12: Utökad ljudnivå och eventfunktion. TESTSTARTVÄRDE. | Q12: control:knob | R12: START-knob | S12: Startmaterial / ersätt med verklig delkalkyl | T12: 1 | U12: paket | V12: 3952.1739 | W12: =IF(OR(T12="",V12=""),0,T12*V12) -> 3952.1739 | X12: 2 | Y12: =IF(OR(T12="",X12=""),0,T12*X12) -> 2 | Z12: =IF(Inställningar!$B$5="",0,Inställningar!$B$5) -> 850 | AA12: =Y12*Z12 -> 1700 | AB12: 0 | AC12: =IF(Inställningar!$B$6="",0,Inställningar!$B$6) -> 0.15 | AD12: =ROUND((W12+AA12+IF(AB12="",0,AB12))*(1+AC12),0) -> 6500 | AE12: TESTSTARTVÄRDE. Generisk startfördelning för test; byt mot verkliga komponenter.
A13: Ja | B13: control | C13: knob | D13: control:knob | E13: Styrning | F13: Fast | G13: 6500 | H13: 2 | I13: Nej | J13: Ja | K13: =IF(D13="","",SUMIF($Q$7:$Q$126,D13,$AD$7:$AD$126)) -> 6500 | L13: =IF(D13="","",SUMIF($Q$7:$Q$126,D13,$Y$7:$Y$126)) -> 2 | M13: =IF(D13="","",IF(J13="Ja",K13,G13)) -> 6500 | N13: =IF(D13="","",IF(J13="Ja",L13,H13)) -> 2 | O13: Vridreglage. TESTSTARTVÄRDE. | Q13: control:touch | R13: START-touch | S13: Startmaterial / ersätt med verklig delkalkyl | T13: 1 | U13: paket | V13: 17469.565 | W13: =IF(OR(T13="",V13=""),0,T13*V13) -> 17469.565 | X13: 4 | Y13: =IF(OR(T13="",X13=""),0,T13*X13) -> 4 | Z13: =IF(Inställningar!$B$5="",0,Inställningar!$B$5) -> 850 | AA13: =Y13*Z13 -> 3400 | AB13: 0 | AC13: =IF(Inställningar!$B$6="",0,Inställningar!$B$6) -> 0.15 | AD13: =ROUND((W13+AA13+IF(AB13="",0,AB13))*(1+AC13),0) -> 24000 | AE13: TESTSTARTVÄRDE. Generisk startfördelning för test; byt mot verkliga komponenter.
A14: Ja | B14: control | C14: touch | D14: control:touch | E14: Styrning | F14: Fast | G14: 24000 | H14: 4 | I14: Nej | J14: Ja | K14: =IF(D14="","",SUMIF($Q$7:$Q$126,D14,$AD$7:$AD$126)) -> 24000 | L14: =IF(D14="","",SUMIF($Q$7:$Q$126,D14,$Y$7:$Y$126)) -> 4 | M14: =IF(D14="","",IF(J14="Ja",K14,G14)) -> 24000 | N14: =IF(D14="","",IF(J14="Ja",L14,H14)) -> 4 | O14: Touch-/appstyrning. TESTSTARTVÄRDE. | Q14: unit:zoneSmall | R14: START-zoneSmall | S14: Startmaterial / ersätt med verklig delkalkyl | T14: 1 | U14: paket | V14: 11402.174 | W14: =IF(OR(T14="",V14=""),0,T14*V14) -> 11402.174 | X14: 5 | Y14: =IF(OR(T14="",X14=""),0,T14*X14) -> 5 | Z14: =IF(Inställningar!$B$5="",0,Inställningar!$B$5) -> 850 | AA14: =Y14*Z14 -> 4250 | AB14: 0 | AC14: =IF(Inställningar!$B$6="",0,Inställningar!$B$6) -> 0.15 | AD14: =ROUND((W14+AA14+IF(AB14="",0,AB14))*(1+AC14),0) -> 18000 | AE14: TESTSTARTVÄRDE. Generisk startfördelning för test; byt mot verkliga komponenter.
A15: Ja | B15: unit | C15: zoneSmall | D15: unit:zoneSmall | E15: Extra ljudzoner | F15: Enhet | G15: 18000 | H15: 5 | I15: Nej | J15: Ja | K15: =IF(D15="","",SUMIF($Q$7:$Q$126,D15,$AD$7:$AD$126)) -> 18000 | L15: =IF(D15="","",SUMIF($Q$7:$Q$126,D15,$Y$7:$Y$126)) -> 5 | M15: =IF(D15="","",IF(J15="Ja",K15,G15)) -> 18000 | N15: =IF(D15="","",IF(J15="Ja",L15,H15)) -> 5 | O15: Zon 20–50 m². TESTSTARTVÄRDE. | Q15: unit:zoneMedium | R15: START-zoneMedium | S15: Startmaterial / ersätt med verklig delkalkyl | T15: 1 | U15: paket | V15: 18397.826 | W15: =IF(OR(T15="",V15=""),0,T15*V15) -> 18397.826 | X15: 7 | Y15: =IF(OR(T15="",X15=""),0,T15*X15) -> 7 | Z15: =IF(Inställningar!$B$5="",0,Inställningar!$B$5) -> 850 | AA15: =Y15*Z15 -> 5950 | AB15: 0 | AC15: =IF(Inställningar!$B$6="",0,Inställningar!$B$6) -> 0.15 | AD15: =ROUND((W15+AA15+IF(AB15="",0,AB15))*(1+AC15),0) -> 28000 | AE15: TESTSTARTVÄRDE. Generisk startfördelning för test; byt mot verkliga komponenter.
A16: Ja | B16: unit | C16: zoneMedium | D16: unit:zoneMedium | E16: Extra ljudzoner | F16: Enhet | G16: 28000 | H16: 7 | I16: Nej | J16: Ja | K16: =IF(D16="","",SUMIF($Q$7:$Q$126,D16,$AD$7:$AD$126)) -> 28000 | L16: =IF(D16="","",SUMIF($Q$7:$Q$126,D16,$Y$7:$Y$126)) -> 7 | M16: =IF(D16="","",IF(J16="Ja",K16,G16)) -> 28000 | N16: =IF(D16="","",IF(J16="Ja",L16,H16)) -> 7 | O16: Zon 50–100 m². TESTSTARTVÄRDE. | Q16: unit:zoneLarge | R16: START-zoneLarge | S16: Startmaterial / ersätt med verklig delkalkyl | T16: 1 | U16: paket | V16: 28021.739 | W16: =IF(OR(T16="",V16=""),0,T16*V16) -> 28021.739 | X16: 10 | Y16: =IF(OR(T16="",X16=""),0,T16*X16) -> 10 | Z16: =IF(Inställningar!$B$5="",0,Inställningar!$B$5) -> 850 | AA16: =Y16*Z16 -> 8500 | AB16: 0 | AC16: =IF(Inställningar!$B$6="",0,Inställningar!$B$6) -> 0.15 | AD16: =ROUND((W16+AA16+IF(AB16="",0,AB16))*(1+AC16),0) -> 42000 | AE16: TESTSTARTVÄRDE. Generisk startfördelning för test; byt mot verkliga komponenter.
A17: Ja | B17: unit | C17: zoneLarge | D17: unit:zoneLarge | E17: Extra ljudzoner | F17: Enhet | G17: 42000 | H17: 10 | I17: Nej | J17: Ja | K17: =IF(D17="","",SUMIF($Q$7:$Q$126,D17,$AD$7:$AD$126)) -> 42000 | L17: =IF(D17="","",SUMIF($Q$7:$Q$126,D17,$Y$7:$Y$126)) -> 10 | M17: =IF(D17="","",IF(J17="Ja",K17,G17)) -> 42000 | N17: =IF(D17="","",IF(J17="Ja",L17,H17)) -> 10 | O17: Zon 100–200 m². TESTSTARTVÄRDE. | Q17: unit:outdoorZone | R17: START-outdoorZone | S17: Startmaterial / ersätt med verklig delkalkyl | T17: 1 | U17: paket | V17: 21026.087 | W17: =IF(OR(T17="",V17=""),0,T17*V17) -> 21026.087 | X17: 8 | Y17: =IF(OR(T17="",X17=""),0,T17*X17) -> 8 | Z17: =IF(Inställningar!$B$5="",0,Inställningar!$B$5) -> 850 | AA17: =Y17*Z17 -> 6800 | AB17: 0 | AC17: =IF(Inställningar!$B$6="",0,Inställningar!$B$6) -> 0.15 | AD17: =ROUND((W17+AA17+IF(AB17="",0,AB17))*(1+AC17),0) -> 32000 | AE17: TESTSTARTVÄRDE. Generisk startfördelning för test; byt mot verkliga komponenter.
A18: Ja | B18: unit | C18: outdoorZone | D18: unit:outdoorZone | E18: Uteservering/utomhuszon | F18: Enhet | G18: 32000 | H18: 8 | I18: Nej | J18: Ja | K18: =IF(D18="","",SUMIF($Q$7:$Q$126,D18,$AD$7:$AD$126)) -> 32000 | L18: =IF(D18="","",SUMIF($Q$7:$Q$126,D18,$Y$7:$Y$126)) -> 8 | M18: =IF(D18="","",IF(J18="Ja",K18,G18)) -> 32000 | N18: =IF(D18="","",IF(J18="Ja",L18,H18)) -> 8 | O18: TESTSTARTVÄRDE. | Q18: unit:bluetooth | R18: START-bluetooth | S18: Startmaterial / ersätt med verklig delkalkyl | T18: 1 | U18: paket | V18: 3227.1739 | W18: =IF(OR(T18="",V18=""),0,T18*V18) -> 3227.1739 | X18: 0.5 | Y18: =IF(OR(T18="",X18=""),0,T18*X18) -> 0.5 | Z18: =IF(Inställningar!$B$5="",0,Inställningar!$B$5) -> 850 | AA18: =Y18*Z18 -> 425 | AB18: 0 | AC18: =IF(Inställningar!$B$6="",0,Inställningar!$B$6) -> 0.15 | AD18: =ROUND((W18+AA18+IF(AB18="",0,AB18))*(1+AC18),0) -> 4200 | AE18: TESTSTARTVÄRDE. Generisk startfördelning för test; byt mot verkliga komponenter.
... A22: Ja | B22: event | C22: djInput | D22: event:djInput | E22: DJ-/eventanslutning | F22: Fast | G22: 18000 | H22: 4 | I22: Nej | J22: Ja | K22: =IF(D22="","",SUMIF($Q$7:$Q$126,D22,$AD$7:$AD$126)) -> 18000 | L22: =IF(D22="","",SUMIF($Q$7:$Q$126,D22,$Y$7:$Y$126)) -> 4 | M22: =IF(D22="","",IF(J22="Ja",K22,G22)) -> 18000 | N22: =IF(D22="","",IF(J22="Ja",L22,H22)) -> 4 | O22: Inkopplingspunkt och signalväg. TESTSTARTVÄRDE. | Q22: checks:documentation | R22: START-documentation | S22: Startmaterial / ersätt med verklig delkalkyl | T22: 1 | U22: paket | V22: 5276.087 | W22: =IF(OR(T22="",V22=""),0,T22*V22) -> 5276.087 | X22: 3 | Y22: =IF(OR(T22="",X22=""),0,T22*X22) -> 3 | Z22: =IF(Inställningar!$B$5="",0,Inställningar!$B$5) -> 850 | AA22: =Y22*Z22 -> 2550 | AB22: 0 | AC22: =IF(Inställningar!$B$6="",0,Inställningar!$B$6) -> 0.15 | AD22: =ROUND((W22+AA22+IF(AB22="",0,AB22))*(1+AC22),0) -> 9000 | AE22: TESTSTARTVÄRDE. Generisk startfördelning för test; byt mot verkliga komponenter.
A23: Ja | B23: checks | C23: documentation | D23: checks:documentation | E23: Relationshandling och dokumentation | F23: Fast | G23: 9000 | H23: 3 | I23: Nej | J23: Ja | K23: =IF(D23="","",SUMIF($Q$7:$Q$126,D23,$AD$7:$AD$126)) -> 9000 | L23: =IF(D23="","",SUMIF($Q$7:$Q$126,D23,$Y$7:$Y$126)) -> 3 | M23: =IF(D23="","",IF(J23="Ja",K23,G23)) -> 9000 | N23: =IF(D23="","",IF(J23="Ja",L23,H23)) -> 3 | O23: TESTSTARTVÄRDE. | W23: =IF(OR(T23="",V23=""),0,T23*V23) -> 0 | Y23: =IF(OR(T23="",X23=""),0,T23*X23) -> 0 | Z23: =IF(Inställningar!$B$5="",0,Inställningar!$B$5) -> 850 | AA23: =Y23*Z23 -> 0 | AC23: =IF(Inställningar!$B$6="",0,Inställningar!$B$6) -> 0.15 | AD23: =ROUND((W23+AA23+IF(AB23="",0,AB23))*(1+AC23),0) -> 0
A24: Ja | B24: checks | C24: warranty5 | D24: checks:warranty5 | E24: Garanti och materialhantering | F24: Procent | G24: 0 | H24: 0 | I24: Nej | J24: Nej | K24: =IF(D24="","",SUMIF($Q$7:$Q$126,D24,$AD$7:$AD$126)) -> 0 | L24: =IF(D24="","",SUMIF($Q$7:$Q$126,D24,$Y$7:$Y$126)) -> 0 | M24: =IF(D24="","",IF(J24="Ja",K24,G24)) -> 0 | N24: =IF(D24="","",IF(J24="Ja",L24,H24)) -> 0 | O24: 10 % på subtotal som testregel. | W24: =IF(OR(T24="",V24=""),0,T24*V24) -> 0 | Y24: =IF(OR(T24="",X24=""),0,T24*X24) -> 0 | Z24: =IF(Inställningar!$B$5="",0,Inställningar!$B$5) -> 850 | AA24: =Y24*Z24 -> 0 | AC24: =IF(Inställningar!$B$6="",0,Inställningar!$B$6) -> 0.15 | AD24: =ROUND((W24+AA24+IF(AB24="",0,AB24))*(1+AC24),0) -> 0
A25: Nej | I25: Nej | J25: Nej | K25: =IF(D25="","",SUMIF($Q$7:$Q$126,D25,$AD$7:$AD$126)) | L25: =IF(D25="","",SUMIF($Q$7:$Q$126,D25,$Y$7:$Y$126)) | M25: =IF(D25="","",IF(J25="Ja",K25,G25)) | N25: =IF(D25="","",IF(J25="Ja",L25,H25)) | W25: =IF(OR(T25="",V25=""),0,T25*V25) -> 0 | Y25: =IF(OR(T25="",X25=""),0,T25*X25) -> 0 | Z25: =IF(Inställningar!$B$5="",0,Inställningar!$B$5) -> 850 | AA25: =Y25*Z25 -> 0 | AC25: =IF(Inställningar!$B$6="",0,Inställningar!$B$6) -> 0.15 | AD25: =ROUND((W25+AA25+IF(AB25="",0,AB25))*(1+AC25),0) -> 0
A26: Nej | I26: Nej | J26: Nej | K26: =IF(D26="","",SUMIF($Q$7:$Q$126,D26,$AD$7:$AD$126)) | L26: =IF(D26="","",SUMIF($Q$7:$Q$126,D26,$Y$7:$Y$126)) | M26: =IF(D26="","",IF(J26="Ja",K26,G26)) | N26: =IF(D26="","",IF(J26="Ja",L26,H26)) | W26: =IF(OR(T26="",V26=""),0,T26*V26) -> 0 | Y26: =IF(OR(T26="",X26=""),0,T26*X26) -> 0 | Z26: =IF(Inställningar!$B$5="",0,Inställningar!$B$5) -> 850 | AA26: =Y26*Z26 -> 0 | AC26: =IF(Inställningar!$B$6="",0,Inställningar!$B$6) -> 0.15 | AD26: =ROUND((W26+AA26+IF(AB26="",0,AB26))*(1+AC26),0) -> 0
A27: Nej | I27: Nej | J27: Nej | K27: =IF(D27="","",SUMIF($Q$7:$Q$126,D27,$AD$7:$AD$126)) | L27: =IF(D27="","",SUMIF($Q$7:$Q$126,D27,$Y$7:$Y$126)) | M27: =IF(D27="","",IF(J27="Ja",K27,G27)) | N27: =IF(D27="","",IF(J27="Ja",L27,H27)) | W27: =IF(OR(T27="",V27=""),0,T27*V27) -> 0 | Y27: =IF(OR(T27="",X27=""),0,T27*X27) -> 0 | Z27: =IF(Inställningar!$B$5="",0,Inställningar!$B$5) -> 850 | AA27: =Y27*Z27 -> 0 | AC27: =IF(Inställningar!$B$6="",0,Inställningar!$B$6) -> 0.15 | AD27: =ROUND((W27+AA27+IF(AB27="",0,AB27))*(1+AC27),0) -> 0
A28: Nej | I28: Nej | J28: Nej | K28: =IF(D28="","",SUMIF($Q$7:$Q$126,D28,$AD$7:$AD$126)) | L28: =IF(D28="","",SUMIF($Q$7:$Q$126,D28,$Y$7:$Y$126)) | M28: =IF(D28="","",IF(J28="Ja",K28,G28)) | N28: =IF(D28="","",IF(J28="Ja",L28,H28)) | W28: =IF(OR(T28="",V28=""),0,T28*V28) -> 0 | Y28: =IF(OR(T28="",X28=""),0,T28*X28) -> 0 | Z28: =IF(Inställningar!$B$5="",0,Inställningar!$B$5) -> 850 | AA28: =Y28*Z28 -> 0 | AC28: =IF(Inställningar!$B$6="",0,Inställningar!$B$6) -> 0.15 | AD28: =ROUND((W28+AA28+IF(AB28="",0,AB28))*(1+AC28),0) -> 0
A29: Nej | I29: Nej | J29: Nej | K29: =IF(D29="","",SUMIF($Q$7:$Q$126,D29,$AD$7:$AD$126)) | L29: =IF(D29="","",SUMIF($Q$7:$Q$126,D29,$Y$7:$Y$126)) | M29: =IF(D29="","",IF(J29="Ja",K29,G29)) | N29: =IF(D29="","",IF(J29="Ja",L29,H29)) | W29: =IF(OR(T29="",V29=""),0,T29*V29) -> 0 | Y29: =IF(OR(T29="",X29=""),0,T29*X29) -> 0 | Z29: =IF(Inställningar!$B$5="",0,Inställningar!$B$5) -> 850 | AA29: =Y29*Z29 -> 0 | AC29: =IF(Inställningar!$B$6="",0,Inställningar!$B$6) -> 0.15 | AD29: =ROUND((W29+AA29+IF(AB29="",0,AB29))*(1+AC29),0) -> 0
A30: Nej | I30: Nej | J30: Nej | K30: =IF(D30="","",SUMIF($Q$7:$Q$126,D30,$AD$7:$AD$126)) | L30: =IF(D30="","",SUMIF($Q$7:$Q$126,D30,$Y$7:$Y$126)) | M30: =IF(D30="","",IF(J30="Ja",K30,G30)) | N30: =IF(D30="","",IF(J30="Ja",L30,H30)) | W30: =IF(OR(T30="",V30=""),0,T30*V30) -> 0 | Y30: =IF(OR(T30="",X30=""),0,T30*X30) -> 0 | Z30: =IF(Inställningar!$B$5="",0,Inställningar!$B$5) -> 850 | AA30: =Y30*Z30 -> 0 | AC30: =IF(Inställningar!$B$6="",0,Inställningar!$B$6) -> 0.15 | AD30: =ROUND((W30+AA30+IF(AB30="",0,AB30))*(1+AC30),0) -> 0
A31: Nej | I31: Nej | J31: Nej | K31: =IF(D31="","",SUMIF($Q$7:$Q$126,D31,$AD$7:$AD$126)) | L31: =IF(D31="","",SUMIF($Q$7:$Q$126,D31,$Y$7:$Y$126)) | M31: =IF(D31="","",IF(J31="Ja",K31,G31)) | N31: =IF(D31="","",IF(J31="Ja",L31,H31)) | W31: =IF(OR(T31="",V31=""),0,T31*V31) -> 0 | Y31: =IF(OR(T31="",X31=""),0,T31*X31) -> 0 | Z31: =IF(Inställningar!$B$5="",0,Inställningar!$B$5) -> 850 | AA31: =Y31*Z31 -> 0 | AC31: =IF(Inställningar!$B$6="",0,Inställningar!$B$6) -> 0.15 | AD31: =ROUND((W31+AA31+IF(AB31="",0,AB31))*(1+AC31),0) -> 0
A32: Nej | I32: Nej | J32: Nej | K32: =IF(D32="","",SUMIF($Q$7:$Q$126,D32,$AD$7:$AD$126)) | L32: =IF(D32="","",SUMIF($Q$7:$Q$126,D32,$Y$7:$Y$126)) | M32: =IF(D32="","",IF(J32="Ja",K32,G32)) | N32: =IF(D32="","",IF(J32="Ja",L32,H32)) | W32: =IF(OR(T32="",V32=""),0,T32*V32) -> 0 | Y32: =IF(OR(T32="",X32=""),0,T32*X32) -> 0 | Z32: =IF(Inställningar!$B$5="",0,Inställningar!$B$5) -> 850 | AA32: =Y32*Z32 -> 0 | AC32: =IF(Inställningar!$B$6="",0,Inställningar!$B$6) -> 0.15 | AD32: =ROUND((W32+AA32+IF(AB32="",0,AB32))*(1+AC32),0) -> 0
A33: Nej | I33: Nej | J33: Nej | K33: =IF(D33="","",SUMIF($Q$7:$Q$126,D33,$AD$7:$AD$126)) | L33: =IF(D33="","",SUMIF($Q$7:$Q$126,D33,$Y$7:$Y$126)) | M33: =IF(D33="","",IF(J33="Ja",K33,G33)) | N33: =IF(D33="","",IF(J33="Ja",L33,H33)) | W33: =IF(OR(T33="",V33=""),0,T33*V33) -> 0 | Y33: =IF(OR(T33="",X33=""),0,T33*X33) -> 0 | Z33: =IF(Inställningar!$B$5="",0,Inställningar!$B$5) -> 850 | AA33: =Y33*Z33 -> 0 | AC33: =IF(Inställningar!$B$6="",0,Inställningar!$B$6) -> 0.15 | AD33: =ROUND((W33+AA33+IF(AB33="",0,AB33))*(1+AC33),0) -> 0
A34: Nej | I34: Nej | J34: Nej | K34: =IF(D34="","",SUMIF($Q$7:$Q$126,D34,$AD$7:$AD$126)) | L34: =IF(D34="","",SUMIF($Q$7:$Q$126,D34,$Y$7:$Y$126)) | M34: =IF(D34="","",IF(J34="Ja",K34,G34)) | N34: =IF(D34="","",IF(J34="Ja",L34,H34)) | W34: =IF(OR(T34="",V34=""),0,T34*V34) -> 0 | Y34: =IF(OR(T34="",X34=""),0,T34*X34) -> 0 | Z34: =IF(Inställningar!$B$5="",0,Inställningar!$B$5) -> 850 | AA34: =Y34*Z34 -> 0 | AC34: =IF(Inställningar!$B$6="",0,Inställningar!$B$6) -> 0.15 | AD34: =ROUND((W34+AA34+IF(AB34="",0,AB34))*(1+AC34),0) -> 0
A35: Nej | I35: Nej | J35: Nej | K35: =IF(D35="","",SUMIF($Q$7:$Q$126,D35,$AD$7:$AD$126)) | L35: =IF(D35="","",SUMIF($Q$7:$Q$126,D35,$Y$7:$Y$126)) | M35: =IF(D35="","",IF(J35="Ja",K35,G35)) | N35: =IF(D35="","",IF(J35="Ja",L35,H35)) | W35: =IF(OR(T35="",V35=""),0,T35*V35) -> 0 | Y35: =IF(OR(T35="",X35=""),0,T35*X35) -> 0 | Z35: =IF(Inställningar!$B$5="",0,Inställningar!$B$5) -> 850 | AA35: =Y35*Z35 -> 0 | AC35: =IF(Inställningar!$B$6="",0,Inställningar!$B$6) -> 0.15 | AD35: =ROUND((W35+AA35+IF(AB35="",0,AB35))*(1+AC35),0) -> 0
A36: Nej | I36: Nej | J36: Nej | K36: =IF(D36="","",SUMIF($Q$7:$Q$126,D36,$AD$7:$AD$126)) | L36: =IF(D36="","",SUMIF($Q$7:$Q$126,D36,$Y$7:$Y$126)) | M36: =IF(D36="","",IF(J36="Ja",K36,G36)) | N36: =IF(D36="","",IF(J36="Ja",L36,H36)) | W36: =IF(OR(T36="",V36=""),0,T36*V36) -> 0 | Y36: =IF(OR(T36="",X36=""),0,T36*X36) -> 0 | Z36: =IF(Inställningar!$B$5="",0,Inställningar!$B$5) -> 850 | AA36: =Y36*Z36 -> 0 | AC36: =IF(Inställningar!$B$6="",0,Inställningar!$B$6) -> 0.15 | AD36: =ROUND((W36+AA36+IF(AB36="",0,AB36))*(1+AC36),0) -> 0
... A51: Nej | I51: Nej | J51: Nej | K51: =IF(D51="","",SUMIF($Q$7:$Q$126,D51,$AD$7:$AD$126)) | L51: =IF(D51="","",SUMIF($Q$7:$Q$126,D51,$Y$7:$Y$126)) | M51: =IF(D51="","",IF(J51="Ja",K51,G51)) | N51: =IF(D51="","",IF(J51="Ja",L51,H51)) | W51: =IF(OR(T51="",V51=""),0,T51*V51) -> 0 | Y51: =IF(OR(T51="",X51=""),0,T51*X51) -> 0 | Z51: =IF(Inställningar!$B$5="",0,Inställningar!$B$5) -> 850 | AA51: =Y51*Z51 -> 0 | AC51: =IF(Inställningar!$B$6="",0,Inställningar!$B$6) -> 0.15 | AD51: =ROUND((W51+AA51+IF(AB51="",0,AB51))*(1+AC51),0) -> 0
W52: =IF(OR(T52="",V52=""),0,T52*V52) -> 0 | Y52: =IF(OR(T52="",X52=""),0,T52*X52) -> 0 | Z52: =IF(Inställningar!$B$5="",0,Inställningar!$B$5) -> 850 | AA52: =Y52*Z52 -> 0 | AC52: =IF(Inställningar!$B$6="",0,Inställningar!$B$6) -> 0.15 | AD52: =ROUND((W52+AA52+IF(AB52="",0,AB52))*(1+AC52),0) -> 0
W53: =IF(OR(T53="",V53=""),0,T53*V53) -> 0 | Y53: =IF(OR(T53="",X53=""),0,T53*X53) -> 0 | Z53: =IF(Inställningar!$B$5="",0,Inställningar!$B$5) -> 850 | AA53: =Y53*Z53 -> 0 | AC53: =IF(Inställningar!$B$6="",0,Inställningar!$B$6) -> 0.15 | AD53: =ROUND((W53+AA53+IF(AB53="",0,AB53))*(1+AC53),0) -> 0
W54: =IF(OR(T54="",V54=""),0,T54*V54) -> 0 | Y54: =IF(OR(T54="",X54=""),0,T54*X54) -> 0 | Z54: =IF(Inställningar!$B$5="",0,Inställningar!$B$5) -> 850 | AA54: =Y54*Z54 -> 0 | AC54: =IF(Inställningar!$B$6="",0,Inställningar!$B$6) -> 0.15 | AD54: =ROUND((W54+AA54+IF(AB54="",0,AB54))*(1+AC54),0) -> 0
W55: =IF(OR(T55="",V55=""),0,T55*V55) -> 0 | Y55: =IF(OR(T55="",X55=""),0,T55*X55) -> 0 | Z55: =IF(Inställningar!$B$5="",0,Inställningar!$B$5) -> 850 | AA55: =Y55*Z55 -> 0 | AC55: =IF(Inställningar!$B$6="",0,Inställningar!$B$6) -> 0.15 | AD55: =ROUND((W55+AA55+IF(AB55="",0,AB55))*(1+AC55),0) -> 0
W56: =IF(OR(T56="",V56=""),0,T56*V56) -> 0 | Y56: =IF(OR(T56="",X56=""),0,T56*X56) -> 0 | Z56: =IF(Inställningar!$B$5="",0,Inställningar!$B$5) -> 850 | AA56: =Y56*Z56 -> 0 | AC56: =IF(Inställningar!$B$6="",0,Inställningar!$B$6) -> 0.15 | AD56: =ROUND((W56+AA56+IF(AB56="",0,AB56))*(1+AC56),0) -> 0
W57: =IF(OR(T57="",V57=""),0,T57*V57) -> 0 | Y57: =IF(OR(T57="",X57=""),0,T57*X57) -> 0 | Z57: =IF(Inställningar!$B$5="",0,Inställningar!$B$5) -> 850 | AA57: =Y57*Z57 -> 0 | AC57: =IF(Inställningar!$B$6="",0,Inställningar!$B$6) -> 0.15 | AD57: =ROUND((W57+AA57+IF(AB57="",0,AB57))*(1+AC57),0) -> 0
W58: =IF(OR(T58="",V58=""),0,T58*V58) -> 0 | Y58: =IF(OR(T58="",X58=""),0,T58*X58) -> 0 | Z58: =IF(Inställningar!$B$5="",0,Inställningar!$B$5) -> 850 | AA58: =Y58*Z58 -> 0 | AC58: =IF(Inställningar!$B$6="",0,Inställningar!$B$6) -> 0.15 | AD58: =ROUND((W58+AA58+IF(AB58="",0,AB58))*(1+AC58),0) -> 0
W59: =IF(OR(T59="",V59=""),0,T59*V59) -> 0 | Y59: =IF(OR(T59="",X59=""),0,T59*X59) -> 0 | Z59: =IF(Inställningar!$B$5="",0,Inställningar!$B$5) -> 850 | AA59: =Y59*Z59 -> 0 | AC59: =IF(Inställningar!$B$6="",0,Inställningar!$B$6) -> 0.15 | AD59: =ROUND((W59+AA59+IF(AB59="",0,AB59))*(1+AC59),0) -> 0
W60: =IF(OR(T60="",V60=""),0,T60*V60) -> 0 | Y60: =IF(OR(T60="",X60=""),0,T60*X60) -> 0 | Z60: =IF(Inställningar!$B$5="",0,Inställningar!$B$5) -> 850 | AA60: =Y60*Z60 -> 0 | AC60: =IF(Inställningar!$B$6="",0,Inställningar!$B$6) -> 0.15 | AD60: =ROUND((W60+AA60+IF(AB60="",0,AB60))*(1+AC60),0) -> 0
W61: =IF(OR(T61="",V61=""),0,T61*V61) -> 0 | Y61: =IF(OR(T61="",X61=""),0,T61*X61) -> 0 | Z61: =IF(Inställningar!$B$5="",0,Inställningar!$B$5) -> 850 | AA61: =Y61*Z61 -> 0 | AC61: =IF(Inställningar!$B$6="",0,Inställningar!$B$6) -> 0.15 | AD61: =ROUND((W61+AA61+IF(AB61="",0,AB61))*(1+AC61),0) -> 0
W62: =IF(OR(T62="",V62=""),0,T62*V62) -> 0 | Y62: =IF(OR(T62="",X62=""),0,T62*X62) -> 0 | Z62: =IF(Inställningar!$B$5="",0,Inställningar!$B$5) -> 850 | AA62: =Y62*Z62 -> 0 | AC62: =IF(Inställningar!$B$6="",0,Inställningar!$B$6) -> 0.15 | AD62: =ROUND((W62+AA62+IF(AB62="",0,AB62))*(1+AC62),0) -> 0
W63: =IF(OR(T63="",V63=""),0,T63*V63) -> 0 | Y63: =IF(OR(T63="",X63=""),0,T63*X63) -> 0 | Z63: =IF(Inställningar!$B$5="",0,Inställningar!$B$5) -> 850 | AA63: =Y63*Z63 -> 0 | AC63: =IF(Inställningar!$B$6="",0,Inställningar!$B$6) -> 0.15 | AD63: =ROUND((W63+AA63+IF(AB63="",0,AB63))*(1+AC63),0) -> 0
... W126: =IF(OR(T126="",V126=""),0,T126*V126) -> 0 | Y126: =IF(OR(T126="",X126=""),0,T126*X126) -> 0 | Z126: =IF(Inställningar!$B$5="",0,Inställningar!$B$5) -> 850 | AA126: =Y126*Z126 -> 0 | AC126: =IF(Inställningar!$B$6="",0,Inställningar!$B$6) -> 0.15 | AD126: =ROUND((W126+AA126+IF(AB126="",0,AB126))*(1+AC126),0) -> 0

Sheet Gym
A1: Gym – kalkylmaster
A3: TESTSTART – värden är inlagda för provkörning och är inte skarpa offerter. Byt dem innan publicering. Vänster: webbpaket. Höger: interna startdelar.
A6: Publicera | B6: Grupp | C6: Nyckel | D6: Paket-ID | E6: Visningsnamn | F6: Typ | G6: Nuvarande webbpris | H6: Nuvarande timmar | I6: Offert? | J6: Använd intern kalkyl? | K6: Internt kalkylpris | L6: Interna timmar | M6: Exportpris | N6: Exporttimmar | O6: Notering | Q6: Paket-ID | R6: Del-ID | S6: Benämning | T6: Antal | U6: Enhet | V6: Inköpspris/st | W6: Material | X6: Arbete h/st | Y6: Timmar | Z6: Timpris | AA6: Arbete | AB6: Övrigt | AC6: Påslag % | AD6: Budgetpris | AE6: Kommentar
A7: Ja | B7: facilityType | C7: small | D7: facilityType:small | E7: Gymtyp och grundlogik | F7: Fast | G7: 0 | H7: 0 | I7: Nej | J7: Nej | K7: =IF(D7="","",SUMIF($Q$7:$Q$126,D7,$AD$7:$AD$126)) -> 0 | L7: =IF(D7="","",SUMIF($Q$7:$Q$126,D7,$Y$7:$Y$126)) -> 0 | M7: =IF(D7="","",IF(J7="Ja",K7,G7)) -> 0 | N7: =IF(D7="","",IF(J7="Ja",L7,H7)) -> 0 | O7: Mindre gym. TESTSTARTVÄRDE. | Q7: facilityType:medium | R7: START-medium | S7: Startmaterial / ersätt med verklig delkalkyl | T7: 1 | U7: paket | V7: 8734.7826 | W7: =IF(OR(T7="",V7=""),0,T7*V7) -> 8734.7826 | X7: 2 | Y7: =IF(OR(T7="",X7=""),0,T7*X7) -> 2 | Z7: =IF(Inställningar!$B$5="",0,Inställningar!$B$5) -> 850 | AA7: =Y7*Z7 -> 1700 | AB7: 0 | AC7: =IF(Inställningar!$B$6="",0,Inställningar!$B$6) -> 0.15 | AD7: =ROUND((W7+AA7+IF(AB7="",0,AB7))*(1+AC7),0) -> 12000 | AE7: TESTSTARTVÄRDE. Generisk startfördelning för test; byt mot verkliga komponenter.
A8: Ja | B8: facilityType | C8: medium | D8: facilityType:medium | E8: Gymtyp och grundlogik | F8: Fast | G8: 12000 | H8: 2 | I8: Nej | J8: Ja | K8: =IF(D8="","",SUMIF($Q$7:$Q$126,D8,$AD$7:$AD$126)) -> 12000 | L8: =IF(D8="","",SUMIF($Q$7:$Q$126,D8,$Y$7:$Y$126)) -> 2 | M8: =IF(D8="","",IF(J8="Ja",K8,G8)) -> 12000 | N8: =IF(D8="","",IF(J8="Ja",L8,H8)) -> 2 | O8: Mellanstort gym. TESTSTARTVÄRDE. | Q8: facilityType:large | R8: START-large | S8: Startmaterial / ersätt med verklig delkalkyl | T8: 1 | U8: paket | V8: 18339.13 | W8: =IF(OR(T8="",V8=""),0,T8*V8) -> 18339.13 | X8: 4 | Y8: =IF(OR(T8="",X8=""),0,T8*X8) -> 4 | Z8: =IF(Inställningar!$B$5="",0,Inställningar!$B$5) -> 850 | AA8: =Y8*Z8 -> 3400 | AB8: 0 | AC8: =IF(Inställningar!$B$6="",0,Inställningar!$B$6) -> 0.15 | AD8: =ROUND((W8+AA8+IF(AB8="",0,AB8))*(1+AC8),0) -> 25000 | AE8: TESTSTARTVÄRDE. Generisk startfördelning för test; byt mot verkliga komponenter.
A9: Ja | B9: facilityType | C9: large | D9: facilityType:large | E9: Gymtyp och grundlogik | F9: Fast | G9: 25000 | H9: 4 | I9: Nej | J9: Ja | K9: =IF(D9="","",SUMIF($Q$7:$Q$126,D9,$AD$7:$AD$126)) -> 25000 | L9: =IF(D9="","",SUMIF($Q$7:$Q$126,D9,$Y$7:$Y$126)) -> 4 | M9: =IF(D9="","",IF(J9="Ja",K9,G9)) -> 25000 | N9: =IF(D9="","",IF(J9="Ja",L9,H9)) -> 4 | O9: Större gym/flera träningsytor. TESTSTARTVÄRDE. | Q9: basePackage:gym | R9: START-gym | S9: Startmaterial / ersätt med verklig delkalkyl | T9: 1 | U9: paket | V9: 60313.043 | W9: =IF(OR(T9="",V9=""),0,T9*V9) -> 60313.043 | X9: 16 | Y9: =IF(OR(T9="",X9=""),0,T9*X9) -> 16 | Z9: =IF(Inställningar!$B$5="",0,Inställningar!$B$5) -> 850 | AA9: =Y9*Z9 -> 13600 | AB9: 0 | AC9: =IF(Inställningar!$B$6="",0,Inställningar!$B$6) -> 0.15 | AD9: =ROUND((W9+AA9+IF(AB9="",0,AB9))*(1+AC9),0) -> 85000 | AE9: TESTSTARTVÄRDE. Generisk startfördelning för test; byt mot verkliga komponenter.
A10: Ja | B10: basePackage | C10: gym | D10: basePackage:gym | E10: Zonstyrt gym-ljud | F10: Fast | G10: 85000 | H10: 16 | I10: Nej | J10: Ja | K10: =IF(D10="","",SUMIF($Q$7:$Q$126,D10,$AD$7:$AD$126)) -> 85000 | L10: =IF(D10="","",SUMIF($Q$7:$Q$126,D10,$Y$7:$Y$126)) -> 16 | M10: =IF(D10="","",IF(J10="Ja",K10,G10)) -> 85000 | N10: =IF(D10="","",IF(J10="Ja",L10,H10)) -> 16 | O10: Grundpaket gym. TESTSTARTVÄRDE. | Q10: basePackage:multizone | R10: START-multizone | S10: Startmaterial / ersätt med verklig delkalkyl | T10: 1 | U10: paket | V10: 89995.652 | W10: =IF(OR(T10="",V10=""),0,T10*V10) -> 89995.652 | X10: 22 | Y10: =IF(OR(T10="",X10=""),0,T10*X10) -> 22 | Z10: =IF(Inställningar!$B$5="",0,Inställningar!$B$5) -> 850 | AA10: =Y10*Z10 -> 18700 | AB10: 0 | AC10: =IF(Inställningar!$B$6="",0,Inställningar!$B$6) -> 0.15 | AD10: =ROUND((W10+AA10+IF(AB10="",0,AB10))*(1+AC10),0) -> 125000 | AE10: TESTSTARTVÄRDE. Generisk startfördelning för test; byt mot verkliga komponenter.
A11: Ja | B11: basePackage | C11: multizone | D11: basePackage:multizone | E11: Zonstyrt gym-ljud | F11: Fast | G11: 125000 | H11: 22 | I11: Nej | J11: Ja | K11: =IF(D11="","",SUMIF($Q$7:$Q$126,D11,$AD$7:$AD$126)) -> 125000 | L11: =IF(D11="","",SUMIF($Q$7:$Q$126,D11,$Y$7:$Y$126)) -> 22 | M11: =IF(D11="","",IF(J11="Ja",K11,G11)) -> 125000 | N11: =IF(D11="","",IF(J11="Ja",L11,H11)) -> 22 | O11: Flera träningsytor och zoner. TESTSTARTVÄRDE. | Q11: groupTraining:standard | R11: START-standard | S11: Startmaterial / ersätt med verklig delkalkyl | T11: 1 | U11: paket | V11: 32330.435 | W11: =IF(OR(T11="",V11=""),0,T11*V11) -> 32330.435 | X11: 8 | Y11: =IF(OR(T11="",X11=""),0,T11*X11) -> 8 | Z11: =IF(Inställningar!$B$5="",0,Inställningar!$B$5) -> 850 | AA11: =Y11*Z11 -> 6800 | AB11: 0 | AC11: =IF(Inställningar!$B$6="",0,Inställningar!$B$6) -> 0.15 | AD11: =ROUND((W11+AA11+IF(AB11="",0,AB11))*(1+AC11),0) -> 45000 | AE11: TESTSTARTVÄRDE. Generisk startfördelning för test; byt mot verkliga komponenter.
A12: Ja | B12: groupTraining | C12: standard | D12: groupTraining:standard | E12: Gruppträningssal | F12: Fast | G12: 45000 | H12: 8 | I12: Nej | J12: Ja | K12: =IF(D12="","",SUMIF($Q$7:$Q$126,D12,$AD$7:$AD$126)) -> 45000 | L12: =IF(D12="","",SUMIF($Q$7:$Q$126,D12,$Y$7:$Y$126)) -> 8 | M12: =IF(D12="","",IF(J12="Ja",K12,G12)) -> 45000 | N12: =IF(D12="","",IF(J12="Ja",L12,H12)) -> 8 | O12: Ljud och instruktörsanslutning. TESTSTARTVÄRDE. | Q12: groupTraining:premium | R12: START-premium | S12: Startmaterial / ersätt med verklig delkalkyl | T12: 1 | U12: paket | V12: 55017.391 | W12: =IF(OR(T12="",V12=""),0,T12*V12) -> 55017.391 | X12: 12 | Y12: =IF(OR(T12="",X12=""),0,T12*X12) -> 12 | Z12: =IF(Inställningar!$B$5="",0,Inställningar!$B$5) -> 850 | AA12: =Y12*Z12 -> 10200 | AB12: 0 | AC12: =IF(Inställningar!$B$6="",0,Inställningar!$B$6) -> 0.15 | AD12: =ROUND((W12+AA12+IF(AB12="",0,AB12))*(1+AC12),0) -> 75000 | AE12: TESTSTARTVÄRDE. Generisk startfördelning för test; byt mot verkliga komponenter.
A13: Ja | B13: groupTraining | C13: premium | D13: groupTraining:premium | E13: Gruppträningssal | F13: Fast | G13: 75000 | H13: 12 | I13: Nej | J13: Ja | K13: =IF(D13="","",SUMIF($Q$7:$Q$126,D13,$AD$7:$AD$126)) -> 75000 | L13: =IF(D13="","",SUMIF($Q$7:$Q$126,D13,$Y$7:$Y$126)) -> 12 | M13: =IF(D13="","",IF(J13="Ja",K13,G13)) -> 75000 | N13: =IF(D13="","",IF(J13="Ja",L13,H13)) -> 12 | O13: Utökad gruppträningslösning. TESTSTARTVÄRDE. | Q13: control:knob | R13: START-knob | S13: Startmaterial / ersätt med verklig delkalkyl | T13: 1 | U13: paket | V13: 3952.1739 | W13: =IF(OR(T13="",V13=""),0,T13*V13) -> 3952.1739 | X13: 2 | Y13: =IF(OR(T13="",X13=""),0,T13*X13) -> 2 | Z13: =IF(Inställningar!$B$5="",0,Inställningar!$B$5) -> 850 | AA13: =Y13*Z13 -> 1700 | AB13: 0 | AC13: =IF(Inställningar!$B$6="",0,Inställningar!$B$6) -> 0.15 | AD13: =ROUND((W13+AA13+IF(AB13="",0,AB13))*(1+AC13),0) -> 6500 | AE13: TESTSTARTVÄRDE. Generisk startfördelning för test; byt mot verkliga komponenter.
A14: Ja | B14: control | C14: knob | D14: control:knob | E14: Styrning | F14: Fast | G14: 6500 | H14: 2 | I14: Nej | J14: Ja | K14: =IF(D14="","",SUMIF($Q$7:$Q$126,D14,$AD$7:$AD$126)) -> 6500 | L14: =IF(D14="","",SUMIF($Q$7:$Q$126,D14,$Y$7:$Y$126)) -> 2 | M14: =IF(D14="","",IF(J14="Ja",K14,G14)) -> 6500 | N14: =IF(D14="","",IF(J14="Ja",L14,H14)) -> 2 | O14: Enkel zonstyrning. TESTSTARTVÄRDE. | Q14: control:touch | R14: START-touch | S14: Startmaterial / ersätt med verklig delkalkyl | T14: 1 | U14: paket | V14: 19208.696 | W14: =IF(OR(T14="",V14=""),0,T14*V14) -> 19208.696 | X14: 4 | Y14: =IF(OR(T14="",X14=""),0,T14*X14) -> 4 | Z14: =IF(Inställningar!$B$5="",0,Inställningar!$B$5) -> 850 | AA14: =Y14*Z14 -> 3400 | AB14: 0 | AC14: =IF(Inställningar!$B$6="",0,Inställningar!$B$6) -> 0.15 | AD14: =ROUND((W14+AA14+IF(AB14="",0,AB14))*(1+AC14),0) -> 26000 | AE14: TESTSTARTVÄRDE. Generisk startfördelning för test; byt mot verkliga komponenter.
A15: Ja | B15: control | C15: touch | D15: control:touch | E15: Styrning | F15: Fast | G15: 26000 | H15: 4 | I15: Nej | J15: Ja | K15: =IF(D15="","",SUMIF($Q$7:$Q$126,D15,$AD$7:$AD$126)) -> 26000 | L15: =IF(D15="","",SUMIF($Q$7:$Q$126,D15,$Y$7:$Y$126)) -> 4 | M15: =IF(D15="","",IF(J15="Ja",K15,G15)) -> 26000 | N15: =IF(D15="","",IF(J15="Ja",L15,H15)) -> 4 | O15: Touch-/appstyrning. TESTSTARTVÄRDE. | Q15: unit:headset | R15: START-headset | S15: Startmaterial / ersätt med verklig delkalkyl | T15: 1 | U15: paket | V15: 7575 | W15: =IF(OR(T15="",V15=""),0,T15*V15) -> 7575 | X15: 0.5 | Y15: =IF(OR(T15="",X15=""),0,T15*X15) -> 0.5 | Z15: =IF(Inställningar!$B$5="",0,Inställningar!$B$5) -> 850 | AA15: =Y15*Z15 -> 425 | AB15: 0 | AC15: =IF(Inställningar!$B$6="",0,Inställningar!$B$6) -> 0.15 | AD15: =ROUND((W15+AA15+IF(AB15="",0,AB15))*(1+AC15),0) -> 9200 | AE15: TESTSTARTVÄRDE. Generisk startfördelning för test; byt mot verkliga komponenter.
A16: Ja | B16: unit | C16: headset | D16: unit:headset | E16: Trådlösa headset | F16: Enhet | G16: 9200 | H16: 0.5 | I16: Nej | J16: Ja | K16: =IF(D16="","",SUMIF($Q$7:$Q$126,D16,$AD$7:$AD$126)) -> 9200 | L16: =IF(D16="","",SUMIF($Q$7:$Q$126,D16,$Y$7:$Y$126)) -> 0.5 | M16: =IF(D16="","",IF(J16="Ja",K16,G16)) -> 9200 | N16: =IF(D16="","",IF(J16="Ja",L16,H16)) -> 0.5 | O16: Per headset. TESTSTARTVÄRDE. | Q16: unit:bluetooth | R16: START-bluetooth | S16: Startmaterial / ersätt med verklig delkalkyl | T16: 1 | U16: paket | V16: 3227.1739 | W16: =IF(OR(T16="",V16=""),0,T16*V16) -> 3227.1739 | X16: 0.5 | Y16: =IF(OR(T16="",X16=""),0,T16*X16) -> 0.5 | Z16: =IF(Inställningar!$B$5="",0,Inställningar!$B$5) -> 850 | AA16: =Y16*Z16 -> 425 | AB16: 0 | AC16: =IF(Inställningar!$B$6="",0,Inställningar!$B$6) -> 0.15 | AD16: =ROUND((W16+AA16+IF(AB16="",0,AB16))*(1+AC16),0) -> 4200 | AE16: TESTSTARTVÄRDE. Generisk startfördelning för test; byt mot verkliga komponenter.
A17: Ja | B17: unit | C17: bluetooth | D17: unit:bluetooth | E17: Musikanslutning | F17: Enhet | G17: 4200 | H17: 0.5 | I17: Nej | J17: Ja | K17: =IF(D17="","",SUMIF($Q$7:$Q$126,D17,$AD$7:$AD$126)) -> 4200 | L17: =IF(D17="","",SUMIF($Q$7:$Q$126,D17,$Y$7:$Y$126)) -> 0.5 | M17: =IF(D17="","",IF(J17="Ja",K17,G17)) -> 4200 | N17: =IF(D17="","",IF(J17="Ja",L17,H17)) -> 0.5 | O17: Bluetooth-mottagare. TESTSTARTVÄRDE. | Q17: unit:handMic | R17: START-handMic | S17: Startmaterial / ersätt med verklig delkalkyl | T17: 1 | U17: paket | V17: 6444.5652 | W17: =IF(OR(T17="",V17=""),0,T17*V17) -> 6444.5652 | X17: 0.5 | Y17: =IF(OR(T17="",X17=""),0,T17*X17) -> 0.5 | Z17: =IF(Inställningar!$B$5="",0,Inställningar!$B$5) -> 850 | AA17: =Y17*Z17 -> 425 | AB17: 0 | AC17: =IF(Inställningar!$B$6="",0,Inställningar!$B$6) -> 0.15 | AD17: =ROUND((W17+AA17+IF(AB17="",0,AB17))*(1+AC17),0) -> 7900 | AE17: TESTSTARTVÄRDE. Generisk startfördelning för test; byt mot verkliga komponenter.
A18: Ja | B18: unit | C18: handMic | D18: unit:handMic | E18: Mikrofoner | F18: Enhet | G18: 7900 | H18: 0.5 | I18: Nej | J18: Ja | K18: =IF(D18="","",SUMIF($Q$7:$Q$126,D18,$AD$7:$AD$126)) -> 7900 | L18: =IF(D18="","",SUMIF($Q$7:$Q$126,D18,$Y$7:$Y$126)) -> 0.5 | M18: =IF(D18="","",IF(J18="Ja",K18,G18)) -> 7900 | N18: =IF(D18="","",IF(J18="Ja",L18,H18)) -> 0.5 | O18: Trådlös handmikrofon. TESTSTARTVÄRDE. | Q18: unit:zoneSmall | R18: START-zoneSmall | S18: Startmaterial / ersätt med verklig delkalkyl | T18: 1 | U18: paket | V18: 10986.957 | W18: =IF(OR(T18="",V18=""),0,T18*V18) -> 10986.957 | X18: 6 | Y18: =IF(OR(T18="",X18=""),0,T18*X18) -> 6 | Z18: =IF(Inställningar!$B$5="",0,Inställningar!$B$5) -> 850 | AA18: =Y18*Z18 -> 5100 | AB18: 0 | AC18: =IF(Inställningar!$B$6="",0,Inställningar!$B$6) -> 0.15 | AD18: =ROUND((W18+AA18+IF(AB18="",0,AB18))*(1+AC18),0) -> 18500 | AE18: TESTSTARTVÄRDE. Generisk startfördelning för test; byt mot verkliga komponenter.
... A23: Ja | B23: announcement | C23: basic | D23: announcement:basic | E23: Utrop | F23: Fast | G23: 25000 | H23: 5 | I23: Nej | J23: Ja | K23: =IF(D23="","",SUMIF($Q$7:$Q$126,D23,$AD$7:$AD$126)) -> 25000 | L23: =IF(D23="","",SUMIF($Q$7:$Q$126,D23,$Y$7:$Y$126)) -> 5 | M23: =IF(D23="","",IF(J23="Ja",K23,G23)) -> 25000 | N23: =IF(D23="","",IF(J23="Ja",L23,H23)) -> 5 | O23: Grundläggande utropsfunktion. TESTSTARTVÄRDE. | Q23: checks:documentation | R23: START-documentation | S23: Startmaterial / ersätt med verklig delkalkyl | T23: 1 | U23: paket | V23: 6145.6522 | W23: =IF(OR(T23="",V23=""),0,T23*V23) -> 6145.6522 | X23: 3 | Y23: =IF(OR(T23="",X23=""),0,T23*X23) -> 3 | Z23: =IF(Inställningar!$B$5="",0,Inställningar!$B$5) -> 850 | AA23: =Y23*Z23 -> 2550 | AB23: 0 | AC23: =IF(Inställningar!$B$6="",0,Inställningar!$B$6) -> 0.15 | AD23: =ROUND((W23+AA23+IF(AB23="",0,AB23))*(1+AC23),0) -> 10000 | AE23: TESTSTARTVÄRDE. Generisk startfördelning för test; byt mot verkliga komponenter.
A24: Ja | B24: checks | C24: documentation | D24: checks:documentation | E24: Relationshandling och dokumentation | F24: Fast | G24: 10000 | H24: 3 | I24: Nej | J24: Ja | K24: =IF(D24="","",SUMIF($Q$7:$Q$126,D24,$AD$7:$AD$126)) -> 10000 | L24: =IF(D24="","",SUMIF($Q$7:$Q$126,D24,$Y$7:$Y$126)) -> 3 | M24: =IF(D24="","",IF(J24="Ja",K24,G24)) -> 10000 | N24: =IF(D24="","",IF(J24="Ja",L24,H24)) -> 3 | O24: TESTSTARTVÄRDE. | W24: =IF(OR(T24="",V24=""),0,T24*V24) -> 0 | Y24: =IF(OR(T24="",X24=""),0,T24*X24) -> 0 | Z24: =IF(Inställningar!$B$5="",0,Inställningar!$B$5) -> 850 | AA24: =Y24*Z24 -> 0 | AC24: =IF(Inställningar!$B$6="",0,Inställningar!$B$6) -> 0.15 | AD24: =ROUND((W24+AA24+IF(AB24="",0,AB24))*(1+AC24),0) -> 0
A25: Ja | B25: checks | C25: warranty5 | D25: checks:warranty5 | E25: Garanti och materialhantering | F25: Procent | G25: 0 | H25: 0 | I25: Nej | J25: Nej | K25: =IF(D25="","",SUMIF($Q$7:$Q$126,D25,$AD$7:$AD$126)) -> 0 | L25: =IF(D25="","",SUMIF($Q$7:$Q$126,D25,$Y$7:$Y$126)) -> 0 | M25: =IF(D25="","",IF(J25="Ja",K25,G25)) -> 0 | N25: =IF(D25="","",IF(J25="Ja",L25,H25)) -> 0 | O25: 10 % på subtotal som testregel. | W25: =IF(OR(T25="",V25=""),0,T25*V25) -> 0 | Y25: =IF(OR(T25="",X25=""),0,T25*X25) -> 0 | Z25: =IF(Inställningar!$B$5="",0,Inställningar!$B$5) -> 850 | AA25: =Y25*Z25 -> 0 | AC25: =IF(Inställningar!$B$6="",0,Inställningar!$B$6) -> 0.15 | AD25: =ROUND((W25+AA25+IF(AB25="",0,AB25))*(1+AC25),0) -> 0
A26: Nej | I26: Nej | J26: Nej | K26: =IF(D26="","",SUMIF($Q$7:$Q$126,D26,$AD$7:$AD$126)) | L26: =IF(D26="","",SUMIF($Q$7:$Q$126,D26,$Y$7:$Y$126)) | M26: =IF(D26="","",IF(J26="Ja",K26,G26)) | N26: =IF(D26="","",IF(J26="Ja",L26,H26)) | W26: =IF(OR(T26="",V26=""),0,T26*V26) -> 0 | Y26: =IF(OR(T26="",X26=""),0,T26*X26) -> 0 | Z26: =IF(Inställningar!$B$5="",0,Inställningar!$B$5) -> 850 | AA26: =Y26*Z26 -> 0 | AC26: =IF(Inställningar!$B$6="",0,Inställningar!$B$6) -> 0.15 | AD26: =ROUND((W26+AA26+IF(AB26="",0,AB26))*(1+AC26),0) -> 0
A27: Nej | I27: Nej | J27: Nej | K27: =IF(D27="","",SUMIF($Q$7:$Q$126,D27,$AD$7:$AD$126)) | L27: =IF(D27="","",SUMIF($Q$7:$Q$126,D27,$Y$7:$Y$126)) | M27: =IF(D27="","",IF(J27="Ja",K27,G27)) | N27: =IF(D27="","",IF(J27="Ja",L27,H27)) | W27: =IF(OR(T27="",V27=""),0,T27*V27) -> 0 | Y27: =IF(OR(T27="",X27=""),0,T27*X27) -> 0 | Z27: =IF(Inställningar!$B$5="",0,Inställningar!$B$5) -> 850 | AA27: =Y27*Z27 -> 0 | AC27: =IF(Inställningar!$B$6="",0,Inställningar!$B$6) -> 0.15 | AD27: =ROUND((W27+AA27+IF(AB27="",0,AB27))*(1+AC27),0) -> 0
A28: Nej | I28: Nej | J28: Nej | K28: =IF(D28="","",SUMIF($Q$7:$Q$126,D28,$AD$7:$AD$126)) | L28: =IF(D28="","",SUMIF($Q$7:$Q$126,D28,$Y$7:$Y$126)) | M28: =IF(D28="","",IF(J28="Ja",K28,G28)) | N28: =IF(D28="","",IF(J28="Ja",L28,H28)) | W28: =IF(OR(T28="",V28=""),0,T28*V28) -> 0 | Y28: =IF(OR(T28="",X28=""),0,T28*X28) -> 0 | Z28: =IF(Inställningar!$B$5="",0,Inställningar!$B$5) -> 850 | AA28: =Y28*Z28 -> 0 | AC28: =IF(Inställningar!$B$6="",0,Inställningar!$B$6) -> 0.15 | AD28: =ROUND((W28+AA28+IF(AB28="",0,AB28))*(1+AC28),0) -> 0
A29: Nej | I29: Nej | J29: Nej | K29: =IF(D29="","",SUMIF($Q$7:$Q$126,D29,$AD$7:$AD$126)) | L29: =IF(D29="","",SUMIF($Q$7:$Q$126,D29,$Y$7:$Y$126)) | M29: =IF(D29="","",IF(J29="Ja",K29,G29)) | N29: =IF(D29="","",IF(J29="Ja",L29,H29)) | W29: =IF(OR(T29="",V29=""),0,T29*V29) -> 0 | Y29: =IF(OR(T29="",X29=""),0,T29*X29) -> 0 | Z29: =IF(Inställningar!$B$5="",0,Inställningar!$B$5) -> 850 | AA29: =Y29*Z29 -> 0 | AC29: =IF(Inställningar!$B$6="",0,Inställningar!$B$6) -> 0.15 | AD29: =ROUND((W29+AA29+IF(AB29="",0,AB29))*(1+AC29),0) -> 0
A30: Nej | I30: Nej | J30: Nej | K30: =IF(D30="","",SUMIF($Q$7:$Q$126,D30,$AD$7:$AD$126)) | L30: =IF(D30="","",SUMIF($Q$7:$Q$126,D30,$Y$7:$Y$126)) | M30: =IF(D30="","",IF(J30="Ja",K30,G30)) | N30: =IF(D30="","",IF(J30="Ja",L30,H30)) | W30: =IF(OR(T30="",V30=""),0,T30*V30) -> 0 | Y30: =IF(OR(T30="",X30=""),0,T30*X30) -> 0 | Z30: =IF(Inställningar!$B$5="",0,Inställningar!$B$5) -> 850 | AA30: =Y30*Z30 -> 0 | AC30: =IF(Inställningar!$B$6="",0,Inställningar!$B$6) -> 0.15 | AD30: =ROUND((W30+AA30+IF(AB30="",0,AB30))*(1+AC30),0) -> 0
A31: Nej | I31: Nej | J31: Nej | K31: =IF(D31="","",SUMIF($Q$7:$Q$126,D31,$AD$7:$AD$126)) | L31: =IF(D31="","",SUMIF($Q$7:$Q$126,D31,$Y$7:$Y$126)) | M31: =IF(D31="","",IF(J31="Ja",K31,G31)) | N31: =IF(D31="","",IF(J31="Ja",L31,H31)) | W31: =IF(OR(T31="",V31=""),0,T31*V31) -> 0 | Y31: =IF(OR(T31="",X31=""),0,T31*X31) -> 0 | Z31: =IF(Inställningar!$B$5="",0,Inställningar!$B$5) -> 850 | AA31: =Y31*Z31 -> 0 | AC31: =IF(Inställningar!$B$6="",0,Inställningar!$B$6) -> 0.15 | AD31: =ROUND((W31+AA31+IF(AB31="",0,AB31))*(1+AC31),0) -> 0
A32: Nej | I32: Nej | J32: Nej | K32: =IF(D32="","",SUMIF($Q$7:$Q$126,D32,$AD$7:$AD$126)) | L32: =IF(D32="","",SUMIF($Q$7:$Q$126,D32,$Y$7:$Y$126)) | M32: =IF(D32="","",IF(J32="Ja",K32,G32)) | N32: =IF(D32="","",IF(J32="Ja",L32,H32)) | W32: =IF(OR(T32="",V32=""),0,T32*V32) -> 0 | Y32: =IF(OR(T32="",X32=""),0,T32*X32) -> 0 | Z32: =IF(Inställningar!$B$5="",0,Inställningar!$B$5) -> 850 | AA32: =Y32*Z32 -> 0 | AC32: =IF(Inställningar!$B$6="",0,Inställningar!$B$6) -> 0.15 | AD32: =ROUND((W32+AA32+IF(AB32="",0,AB32))*(1+AC32),0) -> 0
A33: Nej | I33: Nej | J33: Nej | K33: =IF(D33="","",SUMIF($Q$7:$Q$126,D33,$AD$7:$AD$126)) | L33: =IF(D33="","",SUMIF($Q$7:$Q$126,D33,$Y$7:$Y$126)) | M33: =IF(D33="","",IF(J33="Ja",K33,G33)) | N33: =IF(D33="","",IF(J33="Ja",L33,H33)) | W33: =IF(OR(T33="",V33=""),0,T33*V33) -> 0 | Y33: =IF(OR(T33="",X33=""),0,T33*X33) -> 0 | Z33: =IF(Inställningar!$B$5="",0,Inställningar!$B$5) -> 850 | AA33: =Y33*Z33 -> 0 | AC33: =IF(Inställningar!$B$6="",0,Inställningar!$B$6) -> 0.15 | AD33: =ROUND((W33+AA33+IF(AB33="",0,AB33))*(1+AC33),0) -> 0
A34: Nej | I34: Nej | J34: Nej | K34: =IF(D34="","",SUMIF($Q$7:$Q$126,D34,$AD$7:$AD$126)) | L34: =IF(D34="","",SUMIF($Q$7:$Q$126,D34,$Y$7:$Y$126)) | M34: =IF(D34="","",IF(J34="Ja",K34,G34)) | N34: =IF(D34="","",IF(J34="Ja",L34,H34)) | W34: =IF(OR(T34="",V34=""),0,T34*V34) -> 0 | Y34: =IF(OR(T34="",X34=""),0,T34*X34) -> 0 | Z34: =IF(Inställningar!$B$5="",0,Inställningar!$B$5) -> 850 | AA34: =Y34*Z34 -> 0 | AC34: =IF(Inställningar!$B$6="",0,Inställningar!$B$6) -> 0.15 | AD34: =ROUND((W34+AA34+IF(AB34="",0,AB34))*(1+AC34),0) -> 0
A35: Nej | I35: Nej | J35: Nej | K35: =IF(D35="","",SUMIF($Q$7:$Q$126,D35,$AD$7:$AD$126)) | L35: =IF(D35="","",SUMIF($Q$7:$Q$126,D35,$Y$7:$Y$126)) | M35: =IF(D35="","",IF(J35="Ja",K35,G35)) | N35: =IF(D35="","",IF(J35="Ja",L35,H35)) | W35: =IF(OR(T35="",V35=""),0,T35*V35) -> 0 | Y35: =IF(OR(T35="",X35=""),0,T35*X35) -> 0 | Z35: =IF(Inställningar!$B$5="",0,Inställningar!$B$5) -> 850 | AA35: =Y35*Z35 -> 0 | AC35: =IF(Inställningar!$B$6="",0,Inställningar!$B$6) -> 0.15 | AD35: =ROUND((W35+AA35+IF(AB35="",0,AB35))*(1+AC35),0) -> 0
A36: Nej | I36: Nej | J36: Nej | K36: =IF(D36="","",SUMIF($Q$7:$Q$126,D36,$AD$7:$AD$126)) | L36: =IF(D36="","",SUMIF($Q$7:$Q$126,D36,$Y$7:$Y$126)) | M36: =IF(D36="","",IF(J36="Ja",K36,G36)) | N36: =IF(D36="","",IF(J36="Ja",L36,H36)) | W36: =IF(OR(T36="",V36=""),0,T36*V36) -> 0 | Y36: =IF(OR(T36="",X36=""),0,T36*X36) -> 0 | Z36: =IF(Inställningar!$B$5="",0,Inställningar!$B$5) -> 850 | AA36: =Y36*Z36 -> 0 | AC36: =IF(Inställningar!$B$6="",0,Inställningar!$B$6) -> 0.15 | AD36: =ROUND((W36+AA36+IF(AB36="",0,AB36))*(1+AC36),0) -> 0
A37: Nej | I37: Nej | J37: Nej | K37: =IF(D37="","",SUMIF($Q$7:$Q$126,D37,$AD$7:$AD$126)) | L37: =IF(D37="","",SUMIF($Q$7:$Q$126,D37,$Y$7:$Y$126)) | M37: =IF(D37="","",IF(J37="Ja",K37,G37)) | N37: =IF(D37="","",IF(J37="Ja",L37,H37)) | W37: =IF(OR(T37="",V37=""),0,T37*V37) -> 0 | Y37: =IF(OR(T37="",X37=""),0,T37*X37) -> 0 | Z37: =IF(Inställningar!$B$5="",0,Inställningar!$B$5) -> 850 | AA37: =Y37*Z37 -> 0 | AC37: =IF(Inställningar!$B$6="",0,Inställningar!$B$6) -> 0.15 | AD37: =ROUND((W37+AA37+IF(AB37="",0,AB37))*(1+AC37),0) -> 0
... A51: Nej | I51: Nej | J51: Nej | K51: =IF(D51="","",SUMIF($Q$7:$Q$126,D51,$AD$7:$AD$126)) | L51: =IF(D51="","",SUMIF($Q$7:$Q$126,D51,$Y$7:$Y$126)) | M51: =IF(D51="","",IF(J51="Ja",K51,G51)) | N51: =IF(D51="","",IF(J51="Ja",L51,H51)) | W51: =IF(OR(T51="",V51=""),0,T51*V51) -> 0 | Y51: =IF(OR(T51="",X51=""),0,T51*X51) -> 0 | Z51: =IF(Inställningar!$B$5="",0,Inställningar!$B$5) -> 850 | AA51: =Y51*Z51 -> 0 | AC51: =IF(Inställningar!$B$6="",0,Inställningar!$B$6) -> 0.15 | AD51: =ROUND((W51+AA51+IF(AB51="",0,AB51))*(1+AC51),0) -> 0
W52: =IF(OR(T52="",V52=""),0,T52*V52) -> 0 | Y52: =IF(OR(T52="",X52=""),0,T52*X52) -> 0 | Z52: =IF(Inställningar!$B$5="",0,Inställningar!$B$5) -> 850 | AA52: =Y52*Z52 -> 0 | AC52: =IF(Inställningar!$B$6="",0,Inställningar!$B$6) -> 0.15 | AD52: =ROUND((W52+AA52+IF(AB52="",0,AB52))*(1+AC52),0) -> 0
W53: =IF(OR(T53="",V53=""),0,T53*V53) -> 0 | Y53: =IF(OR(T53="",X53=""),0,T53*X53) -> 0 | Z53: =IF(Inställningar!$B$5="",0,Inställningar!$B$5) -> 850 | AA53: =Y53*Z53 -> 0 | AC53: =IF(Inställningar!$B$6="",0,Inställningar!$B$6) -> 0.15 | AD53: =ROUND((W53+AA53+IF(AB53="",0,AB53))*(1+AC53),0) -> 0
W54: =IF(OR(T54="",V54=""),0,T54*V54) -> 0 | Y54: =IF(OR(T54="",X54=""),0,T54*X54) -> 0 | Z54: =IF(Inställningar!$B$5="",0,Inställningar!$B$5) -> 850 | AA54: =Y54*Z54 -> 0 | AC54: =IF(Inställningar!$B$6="",0,Inställningar!$B$6) -> 0.15 | AD54: =ROUND((W54+AA54+IF(AB54="",0,AB54))*(1+AC54),0) -> 0
W55: =IF(OR(T55="",V55=""),0,T55*V55) -> 0 | Y55: =IF(OR(T55="",X55=""),0,T55*X55) -> 0 | Z55: =IF(Inställningar!$B$5="",0,Inställningar!$B$5) -> 850 | AA55: =Y55*Z55 -> 0 | AC55: =IF(Inställningar!$B$6="",0,Inställningar!$B$6) -> 0.15 | AD55: =ROUND((W55+AA55+IF(AB55="",0,AB55))*(1+AC55),0) -> 0
W56: =IF(OR(T56="",V56=""),0,T56*V56) -> 0 | Y56: =IF(OR(T56="",X56=""),0,T56*X56) -> 0 | Z56: =IF(Inställningar!$B$5="",0,Inställningar!$B$5) -> 850 | AA56: =Y56*Z56 -> 0 | AC56: =IF(Inställningar!$B$6="",0,Inställningar!$B$6) -> 0.15 | AD56: =ROUND((W56+AA56+IF(AB56="",0,AB56))*(1+AC56),0) -> 0
W57: =IF(OR(T57="",V57=""),0,T57*V57) -> 0 | Y57: =IF(OR(T57="",X57=""),0,T57*X57) -> 0 | Z57: =IF(Inställningar!$B$5="",0,Inställningar!$B$5) -> 850 | AA57: =Y57*Z57 -> 0 | AC57: =IF(Inställningar!$B$6="",0,Inställningar!$B$6) -> 0.15 | AD57: =ROUND((W57+AA57+IF(AB57="",0,AB57))*(1+AC57),0) -> 0
W58: =IF(OR(T58="",V58=""),0,T58*V58) -> 0 | Y58: =IF(OR(T58="",X58=""),0,T58*X58) -> 0 | Z58: =IF(Inställningar!$B$5="",0,Inställningar!$B$5) -> 850 | AA58: =Y58*Z58 -> 0 | AC58: =IF(Inställningar!$B$6="",0,Inställningar!$B$6) -> 0.15 | AD58: =ROUND((W58+AA58+IF(AB58="",0,AB58))*(1+AC58),0) -> 0
W59: =IF(OR(T59="",V59=""),0,T59*V59) -> 0 | Y59: =IF(OR(T59="",X59=""),0,T59*X59) -> 0 | Z59: =IF(Inställningar!$B$5="",0,Inställningar!$B$5) -> 850 | AA59: =Y59*Z59 -> 0 | AC59: =IF(Inställningar!$B$6="",0,Inställningar!$B$6) -> 0.15 | AD59: =ROUND((W59+AA59+IF(AB59="",0,AB59))*(1+AC59),0) -> 0
W60: =IF(OR(T60="",V60=""),0,T60*V60) -> 0 | Y60: =IF(OR(T60="",X60=""),0,T60*X60) -> 0 | Z60: =IF(Inställningar!$B$5="",0,Inställningar!$B$5) -> 850 | AA60: =Y60*Z60 -> 0 | AC60: =IF(Inställningar!$B$6="",0,Inställningar!$B$6) -> 0.15 | AD60: =ROUND((W60+AA60+IF(AB60="",0,AB60))*(1+AC60),0) -> 0
W61: =IF(OR(T61="",V61=""),0,T61*V61) -> 0 | Y61: =IF(OR(T61="",X61=""),0,T61*X61) -> 0 | Z61: =IF(Inställningar!$B$5="",0,Inställningar!$B$5) -> 850 | AA61: =Y61*Z61 -> 0 | AC61: =IF(Inställningar!$B$6="",0,Inställningar!$B$6) -> 0.15 | AD61: =ROUND((W61+AA61+IF(AB61="",0,AB61))*(1+AC61),0) -> 0
W62: =IF(OR(T62="",V62=""),0,T62*V62) -> 0 | Y62: =IF(OR(T62="",X62=""),0,T62*X62) -> 0 | Z62: =IF(Inställningar!$B$5="",0,Inställningar!$B$5) -> 850 | AA62: =Y62*Z62 -> 0 | AC62: =IF(Inställningar!$B$6="",0,Inställningar!$B$6) -> 0.15 | AD62: =ROUND((W62+AA62+IF(AB62="",0,AB62))*(1+AC62),0) -> 0
W63: =IF(OR(T63="",V63=""),0,T63*V63) -> 0 | Y63: =IF(OR(T63="",X63=""),0,T63*X63) -> 0 | Z63: =IF(Inställningar!$B$5="",0,Inställningar!$B$5) -> 850 | AA63: =Y63*Z63 -> 0 | AC63: =IF(Inställningar!$B$6="",0,Inställningar!$B$6) -> 0.15 | AD63: =ROUND((W63+AA63+IF(AB63="",0,AB63))*(1+AC63),0) -> 0
... W126: =IF(OR(T126="",V126=""),0,T126*V126) -> 0 | Y126: =IF(OR(T126="",X126=""),0,T126*X126) -> 0 | Z126: =IF(Inställningar!$B$5="",0,Inställningar!$B$5) -> 850 | AA126: =Y126*Z126 -> 0 | AC126: =IF(Inställningar!$B$6="",0,Inställningar!$B$6) -> 0.15 | AD126: =ROUND((W126+AA126+IF(AB126="",0,AB126))*(1+AC126),0) -> 0

Sheet Webbexport
A1: Webbexport – summerade värden för framtida JSON-export
A3: Detta blad kan läsas av ett framtida exportscript. Sporthall bygger på HTML-startvärden. Övriga områden innehåller TESTSTARTVÄRDEN för provkörning och måste granskas innan skarp publicering. Interna komponenter, inköpspriser och marginaler exporteras inte.
A6: Område | B6: Grupp | C6: Nyckel | D6: Paket-ID | E6: Visningsnamn | F6: Typ | G6: Pris | H6: Timmar | I6: Offert? | J6: Notering
A7: =IF(Sporthall!A7="Ja","Sporthall","") -> Sporthall | B7: =IF($A7="","",Sporthall!B7) -> hallType | C7: =IF($A7="","",Sporthall!C7) -> simple | D7: =IF($A7="","",Sporthall!D7) -> hallType:simple | E7: =IF($A7="","",Sporthall!E7) -> Halltyp och grundlogik | F7: =IF($A7="","",Sporthall!F7) -> Fast | G7: =IF($A7="","",Sporthall!M7) -> 0 | H7: =IF($A7="","",Sporthall!N7) -> 0 | I7: =IF($A7="","",Sporthall!I7) -> Nej | J7: =IF($A7="","",IFERROR(Sporthall!O7,"")) -> Enkel sporthall vald.
A8: =IF(Sporthall!A8="Ja","Sporthall","") -> Sporthall | B8: =IF($A8="","",Sporthall!B8) -> hallType | C8: =IF($A8="","",Sporthall!C8) -> dividable | D8: =IF($A8="","",Sporthall!D8) -> hallType:dividable | E8: =IF($A8="","",Sporthall!E8) -> Halltyp och grundlogik | F8: =IF($A8="","",Sporthall!F8) -> Fast | G8: =IF($A8="","",Sporthall!M8) -> 25000 | H8: =IF($A8="","",Sporthall!N8) -> 4 | I8: =IF($A8="","",Sporthall!I8) -> Nej | J8: =IF($A8="","",IFERROR(Sporthall!O8,"")) -> Delbar hall med A/B-logik.
A9: =IF(Sporthall!A9="Ja","Sporthall","") -> Sporthall | B9: =IF($A9="","",Sporthall!B9) -> hallType | C9: =IF($A9="","",Sporthall!C9) -> stands | D9: =IF($A9="","",Sporthall!D9) -> hallType:stands | E9: =IF($A9="","",Sporthall!E9) -> Halltyp och grundlogik | F9: =IF($A9="","",Sporthall!F9) -> Fast | G9: =IF($A9="","",Sporthall!M9) -> 18000 | H9: =IF($A9="","",Sporthall!N9) -> 5 | I9: =IF($A9="","",Sporthall!I9) -> Nej | J9: =IF($A9="","",IFERROR(Sporthall!O9,"")) -> Hall med läktare och publiklogik.
A10: =IF(Sporthall!A10="Ja","Sporthall","") -> Sporthall | B10: =IF($A10="","",Sporthall!B10) -> hallType | C10: =IF($A10="","",Sporthall!C10) -> sti | D10: =IF($A10="","",Sporthall!D10) -> hallType:sti | E10: =IF($A10="","",Sporthall!E10) -> Halltyp och grundlogik | F10: =IF($A10="","",Sporthall!F10) -> Fast | G10: =IF($A10="","",Sporthall!M10) -> 30000 | H10: =IF($A10="","",Sporthall!N10) -> 8 | I10: =IF($A10="","",Sporthall!I10) -> Nej | J10: =IF($A10="","",IFERROR(Sporthall!O10,"")) -> Hall med fördjupad taluppfattbarhet.
A11: =IF(Sporthall!A11="Ja","Sporthall","") -> Sporthall | B11: =IF($A11="","",Sporthall!B11) -> basePackage | C11: =IF($A11="","",Sporthall!C11) -> simple | D11: =IF($A11="","",Sporthall!D11) -> basePackage:simple | E11: =IF($A11="","",Sporthall!E11) -> Basljud sporthall | F11: =IF($A11="","",Sporthall!F11) -> Fast | G11: =IF($A11="","",Sporthall!M11) -> 98000 | H11: =IF($A11="","",Sporthall!N11) -> 18 | I11: =IF($A11="","",Sporthall!I11) -> Nej | J11: =IF($A11="","",IFERROR(Sporthall!O11,"")) -> Budgetpost för huvudljud och grundläggande drift.
A12: =IF(Sporthall!A12="Ja","Sporthall","") -> Sporthall | B12: =IF($A12="","",Sporthall!B12) -> basePackage | C12: =IF($A12="","",Sporthall!C12) -> dsp | D12: =IF($A12="","",Sporthall!D12) -> basePackage:dsp | E12: =IF($A12="","",Sporthall!E12) -> Basljud sporthall | F12: =IF($A12="","",Sporthall!F12) -> Fast | G12: =IF($A12="","",Sporthall!M12) -> 123000 | H12: =IF($A12="","",Sporthall!N12) -> 22 | I12: =IF($A12="","",Sporthall!I12) -> Nej | J12: =IF($A12="","",IFERROR(Sporthall!O12,"")) -> Budgetpost för huvudljud med DSP och zonlogik.
A13: =IF(Sporthall!A13="Ja","Sporthall","") -> Sporthall | B13: =IF($A13="","",Sporthall!B13) -> standsSound | C13: =IF($A13="","",Sporthall!C13) -> none | D13: =IF($A13="","",Sporthall!D13) -> standsSound:none | E13: =IF($A13="","",Sporthall!E13) -> Läktarljud | F13: =IF($A13="","",Sporthall!F13) -> Fast | G13: =IF($A13="","",Sporthall!M13) -> 0 | H13: =IF($A13="","",Sporthall!N13) -> 0 | I13: =IF($A13="","",Sporthall!I13) -> Nej | J13: =IF($A13="","",IFERROR(Sporthall!O13,"")) -> 0
A14: =IF(Sporthall!A14="Ja","Sporthall","") -> Sporthall | B14: =IF($A14="","",Sporthall!B14) -> standsSound | C14: =IF($A14="","",Sporthall!C14) -> eight12 | D14: =IF($A14="","",Sporthall!D14) -> standsSound:eight12 | E14: =IF($A14="","",Sporthall!E14) -> Läktarljud för sporthall | F14: =IF($A14="","",Sporthall!F14) -> Fast | G14: =IF($A14="","",Sporthall!M14) -> 60000 | H14: =IF($A14="","",Sporthall!N14) -> 12 | I14: =IF($A14="","",Sporthall!I14) -> Nej | J14: =IF($A14="","",IFERROR(Sporthall!O14,"")) -> Budgetpost för separat ljud mot läktare.
A15: =IF(Sporthall!A15="Ja","Sporthall","") -> Sporthall | B15: =IF($A15="","",Sporthall!B15) -> control | C15: =IF($A15="","",Sporthall!C15) -> knob | D15: =IF($A15="","",Sporthall!D15) -> control:knob | E15: =IF($A15="","",Sporthall!E15) -> Styrning | F15: =IF($A15="","",Sporthall!F15) -> Fast | G15: =IF($A15="","",Sporthall!M15) -> 6500 | H15: =IF($A15="","",Sporthall!N15) -> 2 | I15: =IF($A15="","",Sporthall!I15) -> Nej | J15: =IF($A15="","",IFERROR(Sporthall!O15,"")) -> Vridreglage och enkel användning.
A16: =IF(Sporthall!A16="Ja","Sporthall","") -> Sporthall | B16: =IF($A16="","",Sporthall!B16) -> control | C16: =IF($A16="","",Sporthall!C16) -> touch | D16: =IF($A16="","",Sporthall!D16) -> control:touch | E16: =IF($A16="","",Sporthall!E16) -> Styrning | F16: =IF($A16="","",Sporthall!F16) -> Fast | G16: =IF($A16="","",Sporthall!M16) -> 29000 | H16: =IF($A16="","",Sporthall!N16) -> 5 | I16: =IF($A16="","",Sporthall!I16) -> Nej | J16: =IF($A16="","",IFERROR(Sporthall!O16,"")) -> Touchpanel och tydliga användarlägen.
A17: =IF(Sporthall!A17="Ja","Sporthall","") -> Sporthall | B17: =IF($A17="","",Sporthall!B17) -> loopPlan | C17: =IF($A17="","",Sporthall!C17) -> none | D17: =IF($A17="","",Sporthall!D17) -> loopPlan:none | E17: =IF($A17="","",Sporthall!E17) -> Hörslinga, Auracast och tillgänglighet | F17: =IF($A17="","",Sporthall!F17) -> Fast | G17: =IF($A17="","",Sporthall!M17) -> 0 | H17: =IF($A17="","",Sporthall!N17) -> 0 | I17: =IF($A17="","",Sporthall!I17) -> Nej | J17: =IF($A17="","",IFERROR(Sporthall!O17,"")) -> 0
A18: =IF(Sporthall!A18="Ja","Sporthall","") -> Sporthall | B18: =IF($A18="","",Sporthall!B18) -> loopPlan | C18: =IF($A18="","",Sporthall!C18) -> standard | D18: =IF($A18="","",Sporthall!D18) -> loopPlan:standard | E18: =IF($A18="","",Sporthall!E18) -> Hörslinga, Auracast och tillgänglighet | F18: =IF($A18="","",Sporthall!F18) -> Fast | G18: =IF($A18="","",Sporthall!M18) -> 148000 | H18: =IF($A18="","",Sporthall!N18) -> 36 | I18: =IF($A18="","",Sporthall!I18) -> Nej | J18: =IF($A18="","",IFERROR(Sporthall!O18,"")) -> Budgetpost för standardplan.
... A46: =IF(Sporthall!A46="Ja","Sporthall","") | B46: =IF($A46="","",Sporthall!B46) | C46: =IF($A46="","",Sporthall!C46) | D46: =IF($A46="","",Sporthall!D46) | E46: =IF($A46="","",Sporthall!E46) | F46: =IF($A46="","",Sporthall!F46) | G46: =IF($A46="","",Sporthall!M46) | H46: =IF($A46="","",Sporthall!N46) | I46: =IF($A46="","",Sporthall!I46) | J46: =IF($A46="","",IFERROR(Sporthall!O46,""))
A47: =IF(Simhall!A7="Ja","Simhall","") -> Simhall | B47: =IF($A47="","",Simhall!B7) -> facilityType | C47: =IF($A47="","",Simhall!C7) -> standard | D47: =IF($A47="","",Simhall!D7) -> facilityType:standard | E47: =IF($A47="","",Simhall!E7) -> Simhall – grundlogik | F47: =IF($A47="","",Simhall!F7) -> Fast | G47: =IF($A47="","",Simhall!M7) -> 0 | H47: =IF($A47="","",Simhall!N7) -> 0 | I47: =IF($A47="","",Simhall!I7) -> Nej | J47: =IF($A47="","",IFERROR(Simhall!O7,"")) -> Standard simhall. TESTSTARTVÄRDE.
A48: =IF(Simhall!A8="Ja","Simhall","") -> Simhall | B48: =IF($A48="","",Simhall!B8) -> facilityType | C48: =IF($A48="","",Simhall!C8) -> multi | D48: =IF($A48="","",Simhall!D8) -> facilityType:multi | E48: =IF($A48="","",Simhall!E8) -> Simhall – grundlogik | F48: =IF($A48="","",Simhall!F8) -> Fast | G48: =IF($A48="","",Simhall!M8) -> 20000 | H48: =IF($A48="","",Simhall!N8) -> 4 | I48: =IF($A48="","",Simhall!I8) -> Nej | J48: =IF($A48="","",IFERROR(Simhall!O8,"")) -> Flera bassänger/zoner. TESTSTARTVÄRDE – byt innan publicering.
A49: =IF(Simhall!A9="Ja","Simhall","") -> Simhall | B49: =IF($A49="","",Simhall!B9) -> basePackage | C49: =IF($A49="","",Simhall!C9) -> standard | D49: =IF($A49="","",Simhall!D9) -> basePackage:standard | E49: =IF($A49="","",Simhall!E9) -> Basljud simhall | F49: =IF($A49="","",Simhall!F9) -> Fast | G49: =IF($A49="","",Simhall!M9) -> 135000 | H49: =IF($A49="","",Simhall!N9) -> 26 | I49: =IF($A49="","",Simhall!I9) -> Nej | J49: =IF($A49="","",IFERROR(Simhall!O9,"")) -> Grundpaket för simhallsmiljö. TESTSTARTVÄRDE.
A50: =IF(Simhall!A10="Ja","Simhall","") -> Simhall | B50: =IF($A50="","",Simhall!B10) -> basePackage | C50: =IF($A50="","",Simhall!C10) -> dsp | D50: =IF($A50="","",Simhall!D10) -> basePackage:dsp | E50: =IF($A50="","",Simhall!E10) -> Basljud simhall med DSP | F50: =IF($A50="","",Simhall!F10) -> Fast | G50: =IF($A50="","",Simhall!M10) -> 165000 | H50: =IF($A50="","",Simhall!N10) -> 32 | I50: =IF($A50="","",Simhall!I10) -> Nej | J50: =IF($A50="","",IFERROR(Simhall!O10,"")) -> Fler zoner och styrlogik. TESTSTARTVÄRDE.
A51: =IF(Simhall!A11="Ja","Simhall","") -> Simhall | B51: =IF($A51="","",Simhall!B11) -> control | C51: =IF($A51="","",Simhall!C11) -> knob | D51: =IF($A51="","",Simhall!D11) -> control:knob | E51: =IF($A51="","",Simhall!E11) -> Styrning | F51: =IF($A51="","",Simhall!F11) -> Fast | G51: =IF($A51="","",Simhall!M11) -> 7500 | H51: =IF($A51="","",Simhall!N11) -> 2 | I51: =IF($A51="","",Simhall!I11) -> Nej | J51: =IF($A51="","",IFERROR(Simhall!O11,"")) -> Enkel styrning. TESTSTARTVÄRDE.
A52: =IF(Simhall!A12="Ja","Simhall","") -> Simhall | B52: =IF($A52="","",Simhall!B12) -> control | C52: =IF($A52="","",Simhall!C12) -> touch | D52: =IF($A52="","",Simhall!D12) -> control:touch | E52: =IF($A52="","",Simhall!E12) -> Styrning | F52: =IF($A52="","",Simhall!F12) -> Fast | G52: =IF($A52="","",Simhall!M12) -> 32000 | H52: =IF($A52="","",Simhall!N12) -> 6 | I52: =IF($A52="","",Simhall!I12) -> Nej | J52: =IF($A52="","",IFERROR(Simhall!O12,"")) -> Touchstyrning och zonlägen. TESTSTARTVÄRDE.
A53: =IF(Simhall!A13="Ja","Simhall","") -> Simhall | B53: =IF($A53="","",Simhall!B13) -> accessibility | C53: =IF($A53="","",Simhall!C13) -> loopStandard | D53: =IF($A53="","",Simhall!D13) -> accessibility:loopStandard | E53: =IF($A53="","",Simhall!E13) -> Hörslinga simhall | F53: =IF($A53="","",Simhall!F13) -> Fast | G53: =IF($A53="","",Simhall!M13) -> 165000 | H53: =IF($A53="","",Simhall!N13) -> 40 | I53: =IF($A53="","",Simhall!I13) -> Nej | J53: =IF($A53="","",IFERROR(Simhall!O13,"")) -> Standardiserat testvärde för tillgänglighet.
A54: =IF(Simhall!A14="Ja","Simhall","") -> Simhall | B54: =IF($A54="","",Simhall!B14) -> accessibility | C54: =IF($A54="","",Simhall!C14) -> auracast | D54: =IF($A54="","",Simhall!D14) -> accessibility:auracast | E54: =IF($A54="","",Simhall!E14) -> Auracast | F54: =IF($A54="","",Simhall!F14) -> Fast | G54: =IF($A54="","",Simhall!M14) -> 39000 | H54: =IF($A54="","",Simhall!N14) -> 5 | I54: =IF($A54="","",Simhall!I14) -> Nej | J54: =IF($A54="","",IFERROR(Simhall!O14,"")) -> Kompletterande ljuddistribution. TESTSTARTVÄRDE.
A55: =IF(Simhall!A15="Ja","Simhall","") -> Simhall | B55: =IF($A55="","",Simhall!B15) -> sti | C55: =IF($A55="","",Simhall!C15) -> 050 | D55: =IF($A55="","",Simhall!D15) -> sti:050 | E55: =IF($A55="","",Simhall!E15) -> STI och inmätning | F55: =IF($A55="","",Simhall!F15) -> Fast | G55: =IF($A55="","",Simhall!M15) -> 28000 | H55: =IF($A55="","",Simhall!N15) -> 8 | I55: =IF($A55="","",Simhall!I15) -> Nej | J55: =IF($A55="","",IFERROR(Simhall!O15,"")) -> STI 0,50. TESTSTARTVÄRDE.
A56: =IF(Simhall!A16="Ja","Simhall","") -> Simhall | B56: =IF($A56="","",Simhall!B16) -> sti | C56: =IF($A56="","",Simhall!C16) -> 060 | D56: =IF($A56="","",Simhall!D16) -> sti:060 | E56: =IF($A56="","",Simhall!E16) -> STI och inmätning | F56: =IF($A56="","",Simhall!F16) -> Fast | G56: =IF($A56="","",Simhall!M16) -> 45000 | H56: =IF($A56="","",Simhall!N16) -> 12 | I56: =IF($A56="","",Simhall!I16) -> Nej | J56: =IF($A56="","",IFERROR(Simhall!O16,"")) -> STI 0,60. TESTSTARTVÄRDE.
A57: =IF(Simhall!A17="Ja","Simhall","") -> Simhall | B57: =IF($A57="","",Simhall!B17) -> unit | C57: =IF($A57="","",Simhall!C17) -> handMic | D57: =IF($A57="","",Simhall!D17) -> unit:handMic | E57: =IF($A57="","",Simhall!E17) -> Mikrofoner och anslutning | F57: =IF($A57="","",Simhall!F17) -> Enhet | G57: =IF($A57="","",Simhall!M17) -> 8200 | H57: =IF($A57="","",Simhall!N17) -> 0.5 | I57: =IF($A57="","",Simhall!I17) -> Nej | J57: =IF($A57="","",IFERROR(Simhall!O17,"")) -> Trådlös handmikrofon. TESTSTARTVÄRDE.
A58: =IF(Simhall!A18="Ja","Simhall","") -> Simhall | B58: =IF($A58="","",Simhall!B18) -> unit | C58: =IF($A58="","",Simhall!C18) -> headset | D58: =IF($A58="","",Simhall!D18) -> unit:headset | E58: =IF($A58="","",Simhall!E18) -> Mikrofoner och anslutning | F58: =IF($A58="","",Simhall!F18) -> Enhet | G58: =IF($A58="","",Simhall!M18) -> 9500 | H58: =IF($A58="","",Simhall!N18) -> 0.5 | I58: =IF($A58="","",Simhall!I18) -> Nej | J58: =IF($A58="","",IFERROR(Simhall!O18,"")) -> Trådlöst headset. TESTSTARTVÄRDE.
... A86: =IF(Simhall!A46="Ja","Simhall","") | B86: =IF($A86="","",Simhall!B46) | C86: =IF($A86="","",Simhall!C46) | D86: =IF($A86="","",Simhall!D46) | E86: =IF($A86="","",Simhall!E46) | F86: =IF($A86="","",Simhall!F46) | G86: =IF($A86="","",Simhall!M46) | H86: =IF($A86="","",Simhall!N46) | I86: =IF($A86="","",Simhall!I46) | J86: =IF($A86="","",IFERROR(Simhall!O46,""))
A87: =IF(Konferens!A7="Ja","Konferens","") -> Konferens | B87: =IF($A87="","",Konferens!B7) -> roomType | C87: =IF($A87="","",Konferens!C7) -> small | D87: =IF($A87="","",Konferens!D7) -> roomType:small | E87: =IF($A87="","",Konferens!E7) -> Rumstyp och grundlogik | F87: =IF($A87="","",Konferens!F7) -> Fast | G87: =IF($A87="","",Konferens!M7) -> 0 | H87: =IF($A87="","",Konferens!N7) -> 0 | I87: =IF($A87="","",Konferens!I7) -> Nej | J87: =IF($A87="","",IFERROR(Konferens!O7,"")) -> Mindre mötesrum. TESTSTARTVÄRDE.
A88: =IF(Konferens!A8="Ja","Konferens","") -> Konferens | B88: =IF($A88="","",Konferens!B8) -> roomType | C88: =IF($A88="","",Konferens!C8) -> medium | D88: =IF($A88="","",Konferens!D8) -> roomType:medium | E88: =IF($A88="","",Konferens!E8) -> Rumstyp och grundlogik | F88: =IF($A88="","",Konferens!F8) -> Fast | G88: =IF($A88="","",Konferens!M8) -> 15000 | H88: =IF($A88="","",Konferens!N8) -> 2 | I88: =IF($A88="","",Konferens!I8) -> Nej | J88: =IF($A88="","",IFERROR(Konferens!O8,"")) -> Mellanstort konferensrum. TESTSTARTVÄRDE.
A89: =IF(Konferens!A9="Ja","Konferens","") -> Konferens | B89: =IF($A89="","",Konferens!B9) -> roomType | C89: =IF($A89="","",Konferens!C9) -> large | D89: =IF($A89="","",Konferens!D9) -> roomType:large | E89: =IF($A89="","",Konferens!E9) -> Rumstyp och grundlogik | F89: =IF($A89="","",Konferens!F9) -> Fast | G89: =IF($A89="","",Konferens!M9) -> 30000 | H89: =IF($A89="","",Konferens!N9) -> 4 | I89: =IF($A89="","",Konferens!I9) -> Nej | J89: =IF($A89="","",IFERROR(Konferens!O9,"")) -> Större konferensrum. TESTSTARTVÄRDE.
A90: =IF(Konferens!A10="Ja","Konferens","") -> Konferens | B90: =IF($A90="","",Konferens!B10) -> basePackage | C90: =IF($A90="","",Konferens!C10) -> byod | D90: =IF($A90="","",Konferens!D10) -> basePackage:byod | E90: =IF($A90="","",Konferens!E10) -> Konferenspaket BYOD | F90: =IF($A90="","",Konferens!F10) -> Fast | G90: =IF($A90="","",Konferens!M10) -> 65000 | H90: =IF($A90="","",Konferens!N10) -> 12 | I90: =IF($A90="","",Konferens!I10) -> Nej | J90: =IF($A90="","",IFERROR(Konferens!O10,"")) -> BYOD, bild, ljud och anslutning. TESTSTARTVÄRDE.
A91: =IF(Konferens!A11="Ja","Konferens","") -> Konferens | B91: =IF($A91="","",Konferens!B11) -> basePackage | C91: =IF($A91="","",Konferens!C11) -> teams | D91: =IF($A91="","",Konferens!D11) -> basePackage:teams | E91: =IF($A91="","",Konferens!E11) -> Teams Room-konferenspaket | F91: =IF($A91="","",Konferens!F11) -> Fast | G91: =IF($A91="","",Konferens!M11) -> 115000 | H91: =IF($A91="","",Konferens!N11) -> 18 | I91: =IF($A91="","",Konferens!I11) -> Nej | J91: =IF($A91="","",IFERROR(Konferens!O11,"")) -> Teams Room-startpaket. TESTSTARTVÄRDE.
A92: =IF(Konferens!A12="Ja","Konferens","") -> Konferens | B92: =IF($A92="","",Konferens!B12) -> display | C92: =IF($A92="","",Konferens!C12) -> single | D92: =IF($A92="","",Konferens!D12) -> display:single | E92: =IF($A92="","",Konferens!E12) -> Bildvisning | F92: =IF($A92="","",Konferens!F12) -> Fast | G92: =IF($A92="","",Konferens!M12) -> 35000 | H92: =IF($A92="","",Konferens!N12) -> 4 | I92: =IF($A92="","",Konferens!I12) -> Nej | J92: =IF($A92="","",IFERROR(Konferens!O12,"")) -> En skärm/projektor. TESTSTARTVÄRDE.
A93: =IF(Konferens!A13="Ja","Konferens","") -> Konferens | B93: =IF($A93="","",Konferens!B13) -> display | C93: =IF($A93="","",Konferens!C13) -> dual | D93: =IF($A93="","",Konferens!D13) -> display:dual | E93: =IF($A93="","",Konferens!E13) -> Bildvisning | F93: =IF($A93="","",Konferens!F13) -> Fast | G93: =IF($A93="","",Konferens!M13) -> 65000 | H93: =IF($A93="","",Konferens!N13) -> 6 | I93: =IF($A93="","",Konferens!I13) -> Nej | J93: =IF($A93="","",IFERROR(Konferens!O13,"")) -> Dubbla bildytor. TESTSTARTVÄRDE.
A94: =IF(Konferens!A14="Ja","Konferens","") -> Konferens | B94: =IF($A94="","",Konferens!B14) -> audio | C94: =IF($A94="","",Konferens!C14) -> ceiling | D94: =IF($A94="","",Konferens!D14) -> audio:ceiling | E94: =IF($A94="","",Konferens!E14) -> Konferensljud | F94: =IF($A94="","",Konferens!F14) -> Fast | G94: =IF($A94="","",Konferens!M14) -> 28000 | H94: =IF($A94="","",Konferens!N14) -> 6 | I94: =IF($A94="","",Konferens!I14) -> Nej | J94: =IF($A94="","",IFERROR(Konferens!O14,"")) -> Grundläggande tak-/rumsljud. TESTSTARTVÄRDE.
A95: =IF(Konferens!A15="Ja","Konferens","") -> Konferens | B95: =IF($A95="","",Konferens!B15) -> audio | C95: =IF($A95="","",Konferens!C15) -> premium | D95: =IF($A95="","",Konferens!D15) -> audio:premium | E95: =IF($A95="","",Konferens!E15) -> Konferensljud | F95: =IF($A95="","",Konferens!F15) -> Fast | G95: =IF($A95="","",Konferens!M15) -> 55000 | H95: =IF($A95="","",Konferens!N15) -> 10 | I95: =IF($A95="","",Konferens!I15) -> Nej | J95: =IF($A95="","",IFERROR(Konferens!O15,"")) -> Utökad ljudbehandling/AEC. TESTSTARTVÄRDE.
A96: =IF(Konferens!A16="Ja","Konferens","") -> Konferens | B96: =IF($A96="","",Konferens!B16) -> control | C96: =IF($A96="","",Konferens!C16) -> simple | D96: =IF($A96="","",Konferens!D16) -> control:simple | E96: =IF($A96="","",Konferens!E16) -> Styrning | F96: =IF($A96="","",Konferens!F16) -> Fast | G96: =IF($A96="","",Konferens!M16) -> 12000 | H96: =IF($A96="","",Konferens!N16) -> 2 | I96: =IF($A96="","",Konferens!I16) -> Nej | J96: =IF($A96="","",IFERROR(Konferens!O16,"")) -> Enkel styrning. TESTSTARTVÄRDE.
A97: =IF(Konferens!A17="Ja","Konferens","") -> Konferens | B97: =IF($A97="","",Konferens!B17) -> control | C97: =IF($A97="","",Konferens!C17) -> touch | D97: =IF($A97="","",Konferens!D17) -> control:touch | E97: =IF($A97="","",Konferens!E17) -> Styrning | F97: =IF($A97="","",Konferens!F17) -> Fast | G97: =IF($A97="","",Konferens!M17) -> 28000 | H97: =IF($A97="","",Konferens!N17) -> 4 | I97: =IF($A97="","",Konferens!I17) -> Nej | J97: =IF($A97="","",IFERROR(Konferens!O17,"")) -> Touchstyrning. TESTSTARTVÄRDE.
A98: =IF(Konferens!A18="Ja","Konferens","") -> Konferens | B98: =IF($A98="","",Konferens!B18) -> camera | C98: =IF($A98="","",Konferens!C18) -> standard | D98: =IF($A98="","",Konferens!D18) -> camera:standard | E98: =IF($A98="","",Konferens!E18) -> Konferenskamera | F98: =IF($A98="","",Konferens!F18) -> Fast | G98: =IF($A98="","",Konferens!M18) -> 18000 | H98: =IF($A98="","",Konferens!N18) -> 2 | I98: =IF($A98="","",Konferens!I18) -> Nej | J98: =IF($A98="","",IFERROR(Konferens!O18,"")) -> Standardkamera. TESTSTARTVÄRDE.
... A126: =IF(Konferens!A46="Ja","Konferens","") | B126: =IF($A126="","",Konferens!B46) | C126: =IF($A126="","",Konferens!C46) | D126: =IF($A126="","",Konferens!D46) | E126: =IF($A126="","",Konferens!E46) | F126: =IF($A126="","",Konferens!F46) | G126: =IF($A126="","",Konferens!M46) | H126: =IF($A126="","",Konferens!N46) | I126: =IF($A126="","",Konferens!I46) | J126: =IF($A126="","",IFERROR(Konferens!O46,""))
A127: =IF(Restaurang!A7="Ja","Restaurang","") -> Restaurang | B127: =IF($A127="","",Restaurang!B7) -> venueType | C127: =IF($A127="","",Restaurang!C7) -> small | D127: =IF($A127="","",Restaurang!D7) -> venueType:small | E127: =IF($A127="","",Restaurang!E7) -> Lokaltyp och grundlogik | F127: =IF($A127="","",Restaurang!F7) -> Fast | G127: =IF($A127="","",Restaurang!M7) -> 0 | H127: =IF($A127="","",Restaurang!N7) -> 0 | I127: =IF($A127="","",Restaurang!I7) -> Nej | J127: =IF($A127="","",IFERROR(Restaurang!O7,"")) -> Mindre restaurang. TESTSTARTVÄRDE.
A128: =IF(Restaurang!A8="Ja","Restaurang","") -> Restaurang | B128: =IF($A128="","",Restaurang!B8) -> venueType | C128: =IF($A128="","",Restaurang!C8) -> medium | D128: =IF($A128="","",Restaurang!D8) -> venueType:medium | E128: =IF($A128="","",Restaurang!E8) -> Lokaltyp och grundlogik | F128: =IF($A128="","",Restaurang!F8) -> Fast | G128: =IF($A128="","",Restaurang!M8) -> 12000 | H128: =IF($A128="","",Restaurang!N8) -> 2 | I128: =IF($A128="","",Restaurang!I8) -> Nej | J128: =IF($A128="","",IFERROR(Restaurang!O8,"")) -> Mellanstor restaurang. TESTSTARTVÄRDE.
A129: =IF(Restaurang!A9="Ja","Restaurang","") -> Restaurang | B129: =IF($A129="","",Restaurang!B9) -> venueType | C129: =IF($A129="","",Restaurang!C9) -> large | D129: =IF($A129="","",Restaurang!D9) -> venueType:large | E129: =IF($A129="","",Restaurang!E9) -> Lokaltyp och grundlogik | F129: =IF($A129="","",Restaurang!F9) -> Fast | G129: =IF($A129="","",Restaurang!M9) -> 25000 | H129: =IF($A129="","",Restaurang!N9) -> 4 | I129: =IF($A129="","",Restaurang!I9) -> Nej | J129: =IF($A129="","",IFERROR(Restaurang!O9,"")) -> Större restaurang/flera ytor. TESTSTARTVÄRDE.
A130: =IF(Restaurang!A10="Ja","Restaurang","") -> Restaurang | B130: =IF($A130="","",Restaurang!B10) -> basePackage | C130: =IF($A130="","",Restaurang!C10) -> background | D130: =IF($A130="","",Restaurang!D10) -> basePackage:background | E130: =IF($A130="","",Restaurang!E10) -> Bakgrundsljud | F130: =IF($A130="","",Restaurang!F10) -> Fast | G130: =IF($A130="","",Restaurang!M10) -> 65000 | H130: =IF($A130="","",Restaurang!N10) -> 14 | I130: =IF($A130="","",Restaurang!I10) -> Nej | J130: =IF($A130="","",IFERROR(Restaurang!O10,"")) -> Grundpaket bakgrundsljud. TESTSTARTVÄRDE.
A131: =IF(Restaurang!A11="Ja","Restaurang","") -> Restaurang | B131: =IF($A131="","",Restaurang!B11) -> basePackage | C131: =IF($A131="","",Restaurang!C11) -> multizone | D131: =IF($A131="","",Restaurang!D11) -> basePackage:multizone | E131: =IF($A131="","",Restaurang!E11) -> Zonstyrt restaurangljud | F131: =IF($A131="","",Restaurang!F11) -> Fast | G131: =IF($A131="","",Restaurang!M11) -> 105000 | H131: =IF($A131="","",Restaurang!N11) -> 20 | I131: =IF($A131="","",Restaurang!I11) -> Nej | J131: =IF($A131="","",IFERROR(Restaurang!O11,"")) -> Flera ljudzoner. TESTSTARTVÄRDE.
A132: =IF(Restaurang!A12="Ja","Restaurang","") -> Restaurang | B132: =IF($A132="","",Restaurang!B12) -> basePackage | C132: =IF($A132="","",Restaurang!C12) -> event | D132: =IF($A132="","",Restaurang!D12) -> basePackage:event | E132: =IF($A132="","",Restaurang!E12) -> Restaurang + event/fest | F132: =IF($A132="","",Restaurang!F12) -> Fast | G132: =IF($A132="","",Restaurang!M12) -> 160000 | H132: =IF($A132="","",Restaurang!N12) -> 28 | I132: =IF($A132="","",Restaurang!I12) -> Nej | J132: =IF($A132="","",IFERROR(Restaurang!O12,"")) -> Utökad ljudnivå och eventfunktion. TESTSTARTVÄRDE.
A133: =IF(Restaurang!A13="Ja","Restaurang","") -> Restaurang | B133: =IF($A133="","",Restaurang!B13) -> control | C133: =IF($A133="","",Restaurang!C13) -> knob | D133: =IF($A133="","",Restaurang!D13) -> control:knob | E133: =IF($A133="","",Restaurang!E13) -> Styrning | F133: =IF($A133="","",Restaurang!F13) -> Fast | G133: =IF($A133="","",Restaurang!M13) -> 6500 | H133: =IF($A133="","",Restaurang!N13) -> 2 | I133: =IF($A133="","",Restaurang!I13) -> Nej | J133: =IF($A133="","",IFERROR(Restaurang!O13,"")) -> Vridreglage. TESTSTARTVÄRDE.
A134: =IF(Restaurang!A14="Ja","Restaurang","") -> Restaurang | B134: =IF($A134="","",Restaurang!B14) -> control | C134: =IF($A134="","",Restaurang!C14) -> touch | D134: =IF($A134="","",Restaurang!D14) -> control:touch | E134: =IF($A134="","",Restaurang!E14) -> Styrning | F134: =IF($A134="","",Restaurang!F14) -> Fast | G134: =IF($A134="","",Restaurang!M14) -> 24000 | H134: =IF($A134="","",Restaurang!N14) -> 4 | I134: =IF($A134="","",Restaurang!I14) -> Nej | J134: =IF($A134="","",IFERROR(Restaurang!O14,"")) -> Touch-/appstyrning. TESTSTARTVÄRDE.
A135: =IF(Restaurang!A15="Ja","Restaurang","") -> Restaurang | B135: =IF($A135="","",Restaurang!B15) -> unit | C135: =IF($A135="","",Restaurang!C15) -> zoneSmall | D135: =IF($A135="","",Restaurang!D15) -> unit:zoneSmall | E135: =IF($A135="","",Restaurang!E15) -> Extra ljudzoner | F135: =IF($A135="","",Restaurang!F15) -> Enhet | G135: =IF($A135="","",Restaurang!M15) -> 18000 | H135: =IF($A135="","",Restaurang!N15) -> 5 | I135: =IF($A135="","",Restaurang!I15) -> Nej | J135: =IF($A135="","",IFERROR(Restaurang!O15,"")) -> Zon 20–50 m². TESTSTARTVÄRDE.
A136: =IF(Restaurang!A16="Ja","Restaurang","") -> Restaurang | B136: =IF($A136="","",Restaurang!B16) -> unit | C136: =IF($A136="","",Restaurang!C16) -> zoneMedium | D136: =IF($A136="","",Restaurang!D16) -> unit:zoneMedium | E136: =IF($A136="","",Restaurang!E16) -> Extra ljudzoner | F136: =IF($A136="","",Restaurang!F16) -> Enhet | G136: =IF($A136="","",Restaurang!M16) -> 28000 | H136: =IF($A136="","",Restaurang!N16) -> 7 | I136: =IF($A136="","",Restaurang!I16) -> Nej | J136: =IF($A136="","",IFERROR(Restaurang!O16,"")) -> Zon 50–100 m². TESTSTARTVÄRDE.
A137: =IF(Restaurang!A17="Ja","Restaurang","") -> Restaurang | B137: =IF($A137="","",Restaurang!B17) -> unit | C137: =IF($A137="","",Restaurang!C17) -> zoneLarge | D137: =IF($A137="","",Restaurang!D17) -> unit:zoneLarge | E137: =IF($A137="","",Restaurang!E17) -> Extra ljudzoner | F137: =IF($A137="","",Restaurang!F17) -> Enhet | G137: =IF($A137="","",Restaurang!M17) -> 42000 | H137: =IF($A137="","",Restaurang!N17) -> 10 | I137: =IF($A137="","",Restaurang!I17) -> Nej | J137: =IF($A137="","",IFERROR(Restaurang!O17,"")) -> Zon 100–200 m². TESTSTARTVÄRDE.
A138: =IF(Restaurang!A18="Ja","Restaurang","") -> Restaurang | B138: =IF($A138="","",Restaurang!B18) -> unit | C138: =IF($A138="","",Restaurang!C18) -> outdoorZone | D138: =IF($A138="","",Restaurang!D18) -> unit:outdoorZone | E138: =IF($A138="","",Restaurang!E18) -> Uteservering/utomhuszon | F138: =IF($A138="","",Restaurang!F18) -> Enhet | G138: =IF($A138="","",Restaurang!M18) -> 32000 | H138: =IF($A138="","",Restaurang!N18) -> 8 | I138: =IF($A138="","",Restaurang!I18) -> Nej | J138: =IF($A138="","",IFERROR(Restaurang!O18,"")) -> TESTSTARTVÄRDE.
... A166: =IF(Restaurang!A46="Ja","Restaurang","") | B166: =IF($A166="","",Restaurang!B46) | C166: =IF($A166="","",Restaurang!C46) | D166: =IF($A166="","",Restaurang!D46) | E166: =IF($A166="","",Restaurang!E46) | F166: =IF($A166="","",Restaurang!F46) | G166: =IF($A166="","",Restaurang!M46) | H166: =IF($A166="","",Restaurang!N46) | I166: =IF($A166="","",Restaurang!I46) | J166: =IF($A166="","",IFERROR(Restaurang!O46,""))
A167: =IF(Gym!A7="Ja","Gym","") -> Gym | B167: =IF($A167="","",Gym!B7) -> facilityType | C167: =IF($A167="","",Gym!C7) -> small | D167: =IF($A167="","",Gym!D7) -> facilityType:small | E167: =IF($A167="","",Gym!E7) -> Gymtyp och grundlogik | F167: =IF($A167="","",Gym!F7) -> Fast | G167: =IF($A167="","",Gym!M7) -> 0 | H167: =IF($A167="","",Gym!N7) -> 0 | I167: =IF($A167="","",Gym!I7) -> Nej | J167: =IF($A167="","",IFERROR(Gym!O7,"")) -> Mindre gym. TESTSTARTVÄRDE.
A168: =IF(Gym!A8="Ja","Gym","") -> Gym | B168: =IF($A168="","",Gym!B8) -> facilityType | C168: =IF($A168="","",Gym!C8) -> medium | D168: =IF($A168="","",Gym!D8) -> facilityType:medium | E168: =IF($A168="","",Gym!E8) -> Gymtyp och grundlogik | F168: =IF($A168="","",Gym!F8) -> Fast | G168: =IF($A168="","",Gym!M8) -> 12000 | H168: =IF($A168="","",Gym!N8) -> 2 | I168: =IF($A168="","",Gym!I8) -> Nej | J168: =IF($A168="","",IFERROR(Gym!O8,"")) -> Mellanstort gym. TESTSTARTVÄRDE.
A169: =IF(Gym!A9="Ja","Gym","") -> Gym | B169: =IF($A169="","",Gym!B9) -> facilityType | C169: =IF($A169="","",Gym!C9) -> large | D169: =IF($A169="","",Gym!D9) -> facilityType:large | E169: =IF($A169="","",Gym!E9) -> Gymtyp och grundlogik | F169: =IF($A169="","",Gym!F9) -> Fast | G169: =IF($A169="","",Gym!M9) -> 25000 | H169: =IF($A169="","",Gym!N9) -> 4 | I169: =IF($A169="","",Gym!I9) -> Nej | J169: =IF($A169="","",IFERROR(Gym!O9,"")) -> Större gym/flera träningsytor. TESTSTARTVÄRDE.
A170: =IF(Gym!A10="Ja","Gym","") -> Gym | B170: =IF($A170="","",Gym!B10) -> basePackage | C170: =IF($A170="","",Gym!C10) -> gym | D170: =IF($A170="","",Gym!D10) -> basePackage:gym | E170: =IF($A170="","",Gym!E10) -> Zonstyrt gym-ljud | F170: =IF($A170="","",Gym!F10) -> Fast | G170: =IF($A170="","",Gym!M10) -> 85000 | H170: =IF($A170="","",Gym!N10) -> 16 | I170: =IF($A170="","",Gym!I10) -> Nej | J170: =IF($A170="","",IFERROR(Gym!O10,"")) -> Grundpaket gym. TESTSTARTVÄRDE.
A171: =IF(Gym!A11="Ja","Gym","") -> Gym | B171: =IF($A171="","",Gym!B11) -> basePackage | C171: =IF($A171="","",Gym!C11) -> multizone | D171: =IF($A171="","",Gym!D11) -> basePackage:multizone | E171: =IF($A171="","",Gym!E11) -> Zonstyrt gym-ljud | F171: =IF($A171="","",Gym!F11) -> Fast | G171: =IF($A171="","",Gym!M11) -> 125000 | H171: =IF($A171="","",Gym!N11) -> 22 | I171: =IF($A171="","",Gym!I11) -> Nej | J171: =IF($A171="","",IFERROR(Gym!O11,"")) -> Flera träningsytor och zoner. TESTSTARTVÄRDE.
A172: =IF(Gym!A12="Ja","Gym","") -> Gym | B172: =IF($A172="","",Gym!B12) -> groupTraining | C172: =IF($A172="","",Gym!C12) -> standard | D172: =IF($A172="","",Gym!D12) -> groupTraining:standard | E172: =IF($A172="","",Gym!E12) -> Gruppträningssal | F172: =IF($A172="","",Gym!F12) -> Fast | G172: =IF($A172="","",Gym!M12) -> 45000 | H172: =IF($A172="","",Gym!N12) -> 8 | I172: =IF($A172="","",Gym!I12) -> Nej | J172: =IF($A172="","",IFERROR(Gym!O12,"")) -> Ljud och instruktörsanslutning. TESTSTARTVÄRDE.
A173: =IF(Gym!A13="Ja","Gym","") -> Gym | B173: =IF($A173="","",Gym!B13) -> groupTraining | C173: =IF($A173="","",Gym!C13) -> premium | D173: =IF($A173="","",Gym!D13) -> groupTraining:premium | E173: =IF($A173="","",Gym!E13) -> Gruppträningssal | F173: =IF($A173="","",Gym!F13) -> Fast | G173: =IF($A173="","",Gym!M13) -> 75000 | H173: =IF($A173="","",Gym!N13) -> 12 | I173: =IF($A173="","",Gym!I13) -> Nej | J173: =IF($A173="","",IFERROR(Gym!O13,"")) -> Utökad gruppträningslösning. TESTSTARTVÄRDE.
A174: =IF(Gym!A14="Ja","Gym","") -> Gym | B174: =IF($A174="","",Gym!B14) -> control | C174: =IF($A174="","",Gym!C14) -> knob | D174: =IF($A174="","",Gym!D14) -> control:knob | E174: =IF($A174="","",Gym!E14) -> Styrning | F174: =IF($A174="","",Gym!F14) -> Fast | G174: =IF($A174="","",Gym!M14) -> 6500 | H174: =IF($A174="","",Gym!N14) -> 2 | I174: =IF($A174="","",Gym!I14) -> Nej | J174: =IF($A174="","",IFERROR(Gym!O14,"")) -> Enkel zonstyrning. TESTSTARTVÄRDE.
A175: =IF(Gym!A15="Ja","Gym","") -> Gym | B175: =IF($A175="","",Gym!B15) -> control | C175: =IF($A175="","",Gym!C15) -> touch | D175: =IF($A175="","",Gym!D15) -> control:touch | E175: =IF($A175="","",Gym!E15) -> Styrning | F175: =IF($A175="","",Gym!F15) -> Fast | G175: =IF($A175="","",Gym!M15) -> 26000 | H175: =IF($A175="","",Gym!N15) -> 4 | I175: =IF($A175="","",Gym!I15) -> Nej | J175: =IF($A175="","",IFERROR(Gym!O15,"")) -> Touch-/appstyrning. TESTSTARTVÄRDE.
A176: =IF(Gym!A16="Ja","Gym","") -> Gym | B176: =IF($A176="","",Gym!B16) -> unit | C176: =IF($A176="","",Gym!C16) -> headset | D176: =IF($A176="","",Gym!D16) -> unit:headset | E176: =IF($A176="","",Gym!E16) -> Trådlösa headset | F176: =IF($A176="","",Gym!F16) -> Enhet | G176: =IF($A176="","",Gym!M16) -> 9200 | H176: =IF($A176="","",Gym!N16) -> 0.5 | I176: =IF($A176="","",Gym!I16) -> Nej | J176: =IF($A176="","",IFERROR(Gym!O16,"")) -> Per headset. TESTSTARTVÄRDE.
A177: =IF(Gym!A17="Ja","Gym","") -> Gym | B177: =IF($A177="","",Gym!B17) -> unit | C177: =IF($A177="","",Gym!C17) -> bluetooth | D177: =IF($A177="","",Gym!D17) -> unit:bluetooth | E177: =IF($A177="","",Gym!E17) -> Musikanslutning | F177: =IF($A177="","",Gym!F17) -> Enhet | G177: =IF($A177="","",Gym!M17) -> 4200 | H177: =IF($A177="","",Gym!N17) -> 0.5 | I177: =IF($A177="","",Gym!I17) -> Nej | J177: =IF($A177="","",IFERROR(Gym!O17,"")) -> Bluetooth-mottagare. TESTSTARTVÄRDE.
A178: =IF(Gym!A18="Ja","Gym","") -> Gym | B178: =IF($A178="","",Gym!B18) -> unit | C178: =IF($A178="","",Gym!C18) -> handMic | D178: =IF($A178="","",Gym!D18) -> unit:handMic | E178: =IF($A178="","",Gym!E18) -> Mikrofoner | F178: =IF($A178="","",Gym!F18) -> Enhet | G178: =IF($A178="","",Gym!M18) -> 7900 | H178: =IF($A178="","",Gym!N18) -> 0.5 | I178: =IF($A178="","",Gym!I18) -> Nej | J178: =IF($A178="","",IFERROR(Gym!O18,"")) -> Trådlös handmikrofon. TESTSTARTVÄRDE.
... A206: =IF(Gym!A46="Ja","Gym","") | B206: =IF($A206="","",Gym!B46) | C206: =IF($A206="","",Gym!C46) | D206: =IF($A206="","",Gym!D46) | E206: =IF($A206="","",Gym!E46) | F206: =IF($A206="","",Gym!F46) | G206: =IF($A206="","",Gym!M46) | H206: =IF($A206="","",Gym!N46) | I206: =IF($A206="","",Gym!I46) | J206: =IF($A206="","",IFERROR(Gym!O46,""))
A207: =IF(Gym!A27="Ja","Gym","") | B207: =IF($A207="","",Gym!B27) | C207: =IF($A207="","",Gym!C27) | D207: =IF($A207="","",Gym!D27) | E207: =IF($A207="","",Gym!E27) | F207: =IF($A207="","",Gym!F27) | G207: =IF($A207="","",Gym!M27) | H207: =IF($A207="","",Gym!N27) | I207: =IF($A207="","",Gym!I27) | J207: =IF($A207="","",Gym!O27)
A208: =IF(Gym!A28="Ja","Gym","") | B208: =IF($A208="","",Gym!B28) | C208: =IF($A208="","",Gym!C28) | D208: =IF($A208="","",Gym!D28) | E208: =IF($A208="","",Gym!E28) | F208: =IF($A208="","",Gym!F28) | G208: =IF($A208="","",Gym!M28) | H208: =IF($A208="","",Gym!N28) | I208: =IF($A208="","",Gym!I28) | J208: =IF($A208="","",Gym!O28)
A209: =IF(Gym!A29="Ja","Gym","") | B209: =IF($A209="","",Gym!B29) | C209: =IF($A209="","",Gym!C29) | D209: =IF($A209="","",Gym!D29) | E209: =IF($A209="","",Gym!E29) | F209: =IF($A209="","",Gym!F29) | G209: =IF($A209="","",Gym!M29) | H209: =IF($A209="","",Gym!N29) | I209: =IF($A209="","",Gym!I29) | J209: =IF($A209="","",Gym!O29)
A210: =IF(Gym!A30="Ja","Gym","") | B210: =IF($A210="","",Gym!B30) | C210: =IF($A210="","",Gym!C30) | D210: =IF($A210="","",Gym!D30) | E210: =IF($A210="","",Gym!E30) | F210: =IF($A210="","",Gym!F30) | G210: =IF($A210="","",Gym!M30) | H210: =IF($A210="","",Gym!N30) | I210: =IF($A210="","",Gym!I30) | J210: =IF($A210="","",Gym!O30)
A211: =IF(Gym!A31="Ja","Gym","") | B211: =IF($A211="","",Gym!B31) | C211: =IF($A211="","",Gym!C31) | D211: =IF($A211="","",Gym!D31) | E211: =IF($A211="","",Gym!E31) | F211: =IF($A211="","",Gym!F31) | G211: =IF($A211="","",Gym!M31) | H211: =IF($A211="","",Gym!N31) | I211: =IF($A211="","",Gym!I31) | J211: =IF($A211="","",Gym!O31)
A212: =IF(Gym!A32="Ja","Gym","") | B212: =IF($A212="","",Gym!B32) | C212: =IF($A212="","",Gym!C32) | D212: =IF($A212="","",Gym!D32) | E212: =IF($A212="","",Gym!E32) | F212: =IF($A212="","",Gym!F32) | G212: =IF($A212="","",Gym!M32) | H212: =IF($A212="","",Gym!N32) | I212: =IF($A212="","",Gym!I32) | J212: =IF($A212="","",Gym!O32)
A213: =IF(Gym!A33="Ja","Gym","") | B213: =IF($A213="","",Gym!B33) | C213: =IF($A213="","",Gym!C33) | D213: =IF($A213="","",Gym!D33) | E213: =IF($A213="","",Gym!E33) | F213: =IF($A213="","",Gym!F33) | G213: =IF($A213="","",Gym!M33) | H213: =IF($A213="","",Gym!N33) | I213: =IF($A213="","",Gym!I33) | J213: =IF($A213="","",Gym!O33)
A214: =IF(Gym!A34="Ja","Gym","") | B214: =IF($A214="","",Gym!B34) | C214: =IF($A214="","",Gym!C34) | D214: =IF($A214="","",Gym!D34) | E214: =IF($A214="","",Gym!E34) | F214: =IF($A214="","",Gym!F34) | G214: =IF($A214="","",Gym!M34) | H214: =IF($A214="","",Gym!N34) | I214: =IF($A214="","",Gym!I34) | J214: =IF($A214="","",Gym!O34)
A215: =IF(Gym!A35="Ja","Gym","") | B215: =IF($A215="","",Gym!B35) | C215: =IF($A215="","",Gym!C35) | D215: =IF($A215="","",Gym!D35) | E215: =IF($A215="","",Gym!E35) | F215: =IF($A215="","",Gym!F35) | G215: =IF($A215="","",Gym!M35) | H215: =IF($A215="","",Gym!N35) | I215: =IF($A215="","",Gym!I35) | J215: =IF($A215="","",Gym!O35)
A216: =IF(Gym!A36="Ja","Gym","") | B216: =IF($A216="","",Gym!B36) | C216: =IF($A216="","",Gym!C36) | D216: =IF($A216="","",Gym!D36) | E216: =IF($A216="","",Gym!E36) | F216: =IF($A216="","",Gym!F36) | G216: =IF($A216="","",Gym!M36) | H216: =IF($A216="","",Gym!N36) | I216: =IF($A216="","",Gym!I36) | J216: =IF($A216="","",Gym!O36)
A217: =IF(Gym!A37="Ja","Gym","") | B217: =IF($A217="","",Gym!B37) | C217: =IF($A217="","",Gym!C37) | D217: =IF($A217="","",Gym!D37) | E217: =IF($A217="","",Gym!E37) | F217: =IF($A217="","",Gym!F37) | G217: =IF($A217="","",Gym!M37) | H217: =IF($A217="","",Gym!N37) | I217: =IF($A217="","",Gym!I37) | J217: =IF($A217="","",Gym!O37)
A218: =IF(Gym!A38="Ja","Gym","") | B218: =IF($A218="","",Gym!B38) | C218: =IF($A218="","",Gym!C38) | D218: =IF($A218="","",Gym!D38) | E218: =IF($A218="","",Gym!E38) | F218: =IF($A218="","",Gym!F38) | G218: =IF($A218="","",Gym!M38) | H218: =IF($A218="","",Gym!N38) | I218: =IF($A218="","",Gym!I38) | J218: =IF($A218="","",Gym!O38)
... A231: =IF(Gym!A51="Ja","Gym","") | B231: =IF($A231="","",Gym!B51) | C231: =IF($A231="","",Gym!C51) | D231: =IF($A231="","",Gym!D51) | E231: =IF($A231="","",Gym!E51) | F231: =IF($A231="","",Gym!F51) | G231: =IF($A231="","",Gym!M51) | H231: =IF($A231="","",Gym!N51) | I231: =IF($A231="","",Gym!I51) | J231: =IF($A231="","",Gym!O51)
A232: Sporthall | B232: standAccess | C232: none | D232: standAccess:none | E232: Läktartillgänglighet | F232: Multiplikator | G232: 0.25 | H232: 0.35 | I232: Nej | J232: Förberedelse utan separat tillgänglighetslösning. Extra 0 kr.
A233: Sporthall | B233: standAccess | C233: loop | D233: standAccess:loop | E233: Läktartillgänglighet | F233: Multiplikator | G233: 1 | H233: 1 | I233: Nej | J233: Hörslinga för läktare. Extra 0 kr.
A234: Sporthall | B234: standAccess | C234: auracast | D234: standAccess:auracast | E234: Läktartillgänglighet | F234: Multiplikator | G234: 0.55 | H234: 0.65 | I234: Nej | J234: Auracast för läktare. Extra 12000 kr.
A235: Sporthall | B235: standAccess | C235: both | D235: standAccess:both | E235: Läktartillgänglighet | F235: Multiplikator | G235: 1.25 | H235: 1.2 | I235: Nej | J235: Hörslinga och Auracast för läktare. Extra 16000 kr.
A236: Sporthall | B236: ledPitch | C236: none | D236: ledPitch:none | E236: LED-vägg | F236: Kvadratmeter | G236: 0 | H236: 0 | I236: Nej | J236: Startpris 0 kr.
A237: Sporthall | B237: ledPitch | C237: p25 | D237: ledPitch:p25 | E237: LED-vägg P2.5 | F237: Kvadratmeter | G237: 58000 | H237: 0 | I237: Nej | J237: Startpris 28000 kr.
A238: Sporthall | B238: ledPitch | C238: p39 | D238: ledPitch:p39 | E238: LED-vägg P3.9 | F238: Kvadratmeter | G238: 41000 | H238: 0 | I238: Nej | J238: Startpris 26000 kr.
A239: Sporthall | B239: ledPitch | C239: p49 | D239: ledPitch:p49 | E239: LED-vägg P4.9 | F239: Kvadratmeter | G239: 34000 | H239: 0 | I239: Nej | J239: Startpris 24000 kr.
A240: Sporthall | B240: ledPitch | C240: quote | D240: ledPitch:quote | E240: LED-vägg special | F240: Offert | G240: 0 | H240: 0 | I240: Ja | J240: Speciallösning kräver offert.
A241: Simhall | B241: accessibility | C241: none | D241: accessibility:none | E241: Tillgänglighet | F241: Fast | G241: 0 | H241: 0 | I241: Nej | J241: Inte vald. TESTSTARTVÄRDE.
A242: Simhall | B242: sti | C242: none | D242: sti:none | E242: STI och inmätning | F242: Fast | G242: 0 | H242: 0 | I242: Nej | J242: Inte vald. TESTSTARTVÄRDE.
A243: Konferens | B243: accessibility | C243: none | D243: accessibility:none | E243: Tillgänglighet | F243: Fast | G243: 0 | H243: 0 | I243: Nej | J243: Inte vald. TESTSTARTVÄRDE.
... A248: Gym | B248: announcement | C248: none | D248: announcement:none | E248: Utrop | F248: Fast | G248: 0 | H248: 0 | I248: Nej | J248: Inte vald. TESTSTARTVÄRDE.
